Query.Mass,Matched.Compound,Matched.Form,Mass.Diff,Pathway.Name,Pathway.ID,Pathway.Compound.Total,Pathway.Match.By,Matched.Compound.Name,p.value,t.score,pos_inx,Feature.ID
766.1079,C00010,M-H [1-],2.39999999394058e-05,3-oxo-10R-octadecatrienoate beta-oxidation,mfn1v10path103,27,Matched.Compound,Coenzyme A,0.003192,-1.2,FALSE,766.1079
808.11823,C00024,M-H [1-],0.000293999999939842,3-oxo-10R-octadecatrienoate beta-oxidation,mfn1v10path103,27,Matched.Compound,Acetyl-CoA,0.001821828,-0.79,FALSE,808.11823
131.04623,C00152,M-H [1-],5.99999998485146e-06,Alanine and Aspartate Metabolism,mfn1v10path104,30,Matched.Compound,L-Asparagine,0.410848838,0.28,FALSE,131.04623
132.03023,C00049,M-H [1-],5.99999998485146e-06,Alanine and Aspartate Metabolism,mfn1v10path104,30,Matched.Compound,L-Aspartic acid,4.41e-07,2.78,FALSE,132.03023
132.03023,C00402,M-H [1-],5.99999998485146e-06,Alanine and Aspartate Metabolism,mfn1v10path104,30,Matched.Compound,D-Aspartic acid,4.41e-07,2.78,FALSE,132.03023
145.01429,C00026,M-H [1-],6.59999999754746e-05,Alanine and Aspartate Metabolism,mfn1v10path104,30,Matched.Compound,Oxoglutaric acid,1.02e-06,-1.31,FALSE,145.01429
146.04588,C00025,M-H [1-],4.40000000025975e-05,Alanine and Aspartate Metabolism,mfn1v10path104,30,Matched.Compound,Glutamic acid,0.000116605,1.04,FALSE,146.04588
147.07642,C00064,M+H [1+],4.40000000310192e-05,Alanine and Aspartate Metabolism,mfn1v10path104,30,Matched.Compound,Glutamine,0.854322998,0.14,TRUE,147.07642
148.06045,C00025,M+H [1+],2.59999999911997e-05,Alanine and Aspartate Metabolism,mfn1v10path104,30,Matched.Compound,Glutamic acid,0.001100992,-0.39,TRUE,148.06045
174.04079,C01042,M-H [1-],3.40000000278451e-05,Alanine and Aspartate Metabolism,mfn1v10path104,30,Matched.Compound,N-Acetyl-L-aspartic acid,8.76e-06,-1.18,FALSE,174.04079
175.11894,C00062,M+H [1+],3.59999999943739e-05,Alanine and Aspartate Metabolism,mfn1v10path104,30,Matched.Compound,L-Arginine,0.004878018,-1.01,TRUE,175.11894
289.11539,C03406,M-H [1-],6.60000000038963e-05,Alanine and Aspartate Metabolism,mfn1v10path104,30,Matched.Compound,Argininosuccinic acid,0.993377048,-0.04,FALSE,289.11539
291.12996,C03406,M+H [1+],8.40000000152941e-05,Alanine and Aspartate Metabolism,mfn1v10path104,30,Matched.Compound,Argininosuccinic acid,0.000176443,-0.99,TRUE,291.12996
346.05571,C00020,M-H [1-],0.000114000000053238,Alanine and Aspartate Metabolism,mfn1v10path104,30,Matched.Compound,Adenosine monophosphate,1.28e-05,-1.39,FALSE,346.05571
76.03932,C00037,M+H [1+],4.40000000025975e-05,Alanine and Aspartate Metabolism,mfn1v10path104,30,Matched.Compound,Glycine,0.326905645,-0.13,TRUE,76.03932
766.1079,C00010,M-H [1-],2.39999999394058e-05,Alanine and Aspartate Metabolism,mfn1v10path104,30,Matched.Compound,Coenzyme A,0.003192,-1.2,FALSE,766.1079
808.11823,C00024,M-H [1-],0.000293999999939842,Alanine and Aspartate Metabolism,mfn1v10path104,30,Matched.Compound,Acetyl-CoA,0.001821828,-0.79,FALSE,808.11823
87.00877,C00022,M-H [1-],4.5999999997548e-05,Alanine and Aspartate Metabolism,mfn1v10path104,30,Matched.Compound,Pyruvic acid,0.000431622,-1.44,FALSE,87.00877
90.05493,C00041,M+H [1+],4.60000000117589e-05,Alanine and Aspartate Metabolism,mfn1v10path104,30,Matched.Compound,L-Alanine,0.00111173,-0.63,TRUE,90.05493
90.05493,C00099,M+H [1+],4.60000000117589e-05,Alanine and Aspartate Metabolism,mfn1v10path104,30,Matched.Compound,beta-Alanine,0.00111173,-0.63,TRUE,90.05493
90.05493,C00133,M+H [1+],4.60000000117589e-05,Alanine and Aspartate Metabolism,mfn1v10path104,30,Matched.Compound,D-Alanine,0.00111173,-0.63,TRUE,90.05493
90.05495,C00041,M+H [1+],2.60000000054106e-05,Alanine and Aspartate Metabolism,mfn1v10path104,30,Matched.Compound,L-Alanine,1.18e-07,-1.06,TRUE,90.05495
90.05495,C00099,M+H [1+],2.60000000054106e-05,Alanine and Aspartate Metabolism,mfn1v10path104,30,Matched.Compound,beta-Alanine,1.18e-07,-1.06,TRUE,90.05495
90.05495,C00133,M+H [1+],2.60000000054106e-05,Alanine and Aspartate Metabolism,mfn1v10path104,30,Matched.Compound,D-Alanine,1.18e-07,-1.06,TRUE,90.05495
346.05571,C00020,M-H [1-],0.000114000000053238,Alkaloid biosynthesis II,mfn1v10path105,10,Matched.Compound,Adenosine monophosphate,1.28e-05,-1.39,FALSE,346.05571
766.1079,C00010,M-H [1-],2.39999999394058e-05,Alkaloid biosynthesis II,mfn1v10path105,10,Matched.Compound,Coenzyme A,0.003192,-1.2,FALSE,766.1079
146.04588,C00025,M-H [1-],4.40000000025975e-05,Aminosugars metabolism,mfn1v10path106,69,Matched.Compound,Glutamic acid,0.000116605,1.04,FALSE,146.04588
147.07642,C00064,M+H [1+],4.40000000310192e-05,Aminosugars metabolism,mfn1v10path106,69,Matched.Compound,Glutamine,0.854322998,0.14,TRUE,147.07642
148.06045,C00025,M+H [1+],2.59999999911997e-05,Aminosugars metabolism,mfn1v10path106,69,Matched.Compound,Glutamic acid,0.001100992,-0.39,TRUE,148.06045
162.0761,C00329,M-H2O+H [1+],2.35332300064783e-05,Aminosugars metabolism,mfn1v10path106,69,Matched.Compound,Glucosamine,3.05e-05,-0.9,TRUE,162.0761
166.97508,C00074,M-H [1-],4.40000000310192e-05,Aminosugars metabolism,mfn1v10path106,69,Matched.Compound,Phosphoenolpyruvic acid,0.124387806,-0.55,FALSE,166.97508
241.01188,C00275,M-H2O-H [1-],0.000570000000010396,Aminosugars metabolism,mfn1v10path106,69,Matched.Compound,Mannose 6-phosphate,0.000152822,-1.33,FALSE,241.01188
241.01188,C00085,M-H2O-H [1-],0.000570000000010396,Aminosugars metabolism,mfn1v10path106,69,Matched.Compound,Fructose 6-phosphate,0.000152822,-1.33,FALSE,241.01188
258.03842,C00352,M-H [1-],4.00000004674439e-06,Aminosugars metabolism,mfn1v10path106,69,Matched.Compound,Glucosamine 6-phosphate,1.16e-06,-1.7,FALSE,258.03842
259.02242,C00275,M-H [1-],3.99999998990097e-06,Aminosugars metabolism,mfn1v10path106,69,Matched.Compound,Mannose 6-phosphate,2.14e-06,-1.85,FALSE,259.02242
259.02242,C00085,M-H [1-],3.99999998990097e-06,Aminosugars metabolism,mfn1v10path106,69,Matched.Compound,Fructose 6-phosphate,2.14e-06,-1.85,FALSE,259.02242
259.02243,C00275,M-H [1-],5.99999998485146e-06,Aminosugars metabolism,mfn1v10path106,69,Matched.Compound,Mannose 6-phosphate,0.312254134,-0.36,FALSE,259.02243
259.02243,C00085,M-H [1-],5.99999998485146e-06,Aminosugars metabolism,mfn1v10path106,69,Matched.Compound,Fructose 6-phosphate,0.312254134,-0.36,FALSE,259.02243
300.04899,C04501,M-H [1-],3.40000000278451e-05,Aminosugars metabolism,mfn1v10path106,69,Matched.Compound,N-Acetyl-glucosamine 1-phosphate,0.000391066,-0.72,FALSE,300.04899
300.04899,C00357,M-H [1-],3.40000000278451e-05,Aminosugars metabolism,mfn1v10path106,69,Matched.Compound,N-Acetyl-D-Glucosamine 6-Phosphate,0.000391066,-0.72,FALSE,300.04899
300.04899,C04256,M-H [1-],3.40000000278451e-05,Aminosugars metabolism,mfn1v10path106,69,Matched.Compound,C04256,0.000391066,-0.72,FALSE,300.04899
300.04899,C04257,M-H [1-],3.40000000278451e-05,Aminosugars metabolism,mfn1v10path106,69,Matched.Compound,N-Acetyl-D-mannosamine 6-phosphate,0.000391066,-0.72,FALSE,300.04899
304.03401,C00055,M-H2O-H [1-],0.00050000000004502,Aminosugars metabolism,mfn1v10path106,69,Matched.Compound,Cytidine monophosphate,0.139681717,-0.47,FALSE,304.03401
308.09872,C00270,M-H [1-],3.99999998990097e-06,Aminosugars metabolism,mfn1v10path106,69,Matched.Compound,N-Acetylneuraminate,1.96e-05,-1.45,FALSE,308.09872
402.99482,C00015,M-H [1-],0.000104000000021642,Aminosugars metabolism,mfn1v10path106,69,Matched.Compound,Uridine 5'-diphosphate,0.000392552,-1.05,FALSE,402.99482
481.97723,C00063,M-H [1-],5.99999998485146e-06,Aminosugars metabolism,mfn1v10path106,69,Matched.Compound,Cytidine triphosphate,0.003579543,-0.5,FALSE,481.97723
482.96114,C00075,M-H [1-],8.40000000152941e-05,Aminosugars metabolism,mfn1v10path106,69,Matched.Compound,Uridine triphosphate,0.002859797,-0.86,FALSE,482.96114
606.07411,C00203,M-H [1-],0.000213999999914449,Aminosugars metabolism,mfn1v10path106,69,Matched.Compound,Uridine diphosphate-N-acetylgalactosamine,1.54e-05,-1.31,FALSE,606.07411
606.07411,C00043,M-H [1-],0.000213999999914449,Aminosugars metabolism,mfn1v10path106,69,Matched.Compound,Uridine diphosphate-N-acetylglucosamine,1.54e-05,-1.31,FALSE,606.07411
606.07411,C01170,M-H [1-],0.000213999999914449,Aminosugars metabolism,mfn1v10path106,69,Matched.Compound,UDP-N-acetyl-D-mannosamine,1.54e-05,-1.31,FALSE,606.07411
673.23072,C04886,M-H [1-],0.000203999999939697,Aminosugars metabolism,mfn1v10path106,69,Matched.Compound,(N-acetylneuraminosyl(a2-6)lactosamine),0.025970163,-0.75,FALSE,673.23072
766.1079,C00010,M-H [1-],2.39999999394058e-05,Aminosugars metabolism,mfn1v10path106,69,Matched.Compound,Coenzyme A,0.003192,-1.2,FALSE,766.1079
808.11823,C00024,M-H [1-],0.000293999999939842,Aminosugars metabolism,mfn1v10path106,69,Matched.Compound,Acetyl-CoA,0.001821828,-0.79,FALSE,808.11823
87.00877,C00022,M-H [1-],4.5999999997548e-05,Aminosugars metabolism,mfn1v10path106,69,Matched.Compound,Pyruvic acid,0.000431622,-1.44,FALSE,87.00877
306.07649,C00051,M-H [1-],3.40000000278451e-05,Androgen and estrogen biosynthesis and metabolism,mfn1v10path107,95,Matched.Compound,Glutathione,3.87e-05,-1.43,FALSE,306.07649
399.14455,C00019,M+H [1+],7.39999999836982e-05,Androgen and estrogen biosynthesis and metabolism,mfn1v10path107,95,Matched.Compound,S-Adenosylmethionine,3e-05,-0.82,TRUE,399.14455
402.99482,C00015,M-H [1-],0.000104000000021642,Androgen and estrogen biosynthesis and metabolism,mfn1v10path107,95,Matched.Compound,Uridine 5'-diphosphate,0.000392552,-1.05,FALSE,402.99482
426.02206,C00054,M-H [1-],6.40000000089458e-05,Androgen and estrogen biosynthesis and metabolism,mfn1v10path107,95,Matched.Compound,"Adenosine 3',5'-diphosphate",0.000785849,-1.11,FALSE,426.02206
579.02681,C00167,M-H [1-],0.000214000000028136,Androgen and estrogen biosynthesis and metabolism,mfn1v10path107,95,Matched.Compound,Uridine diphosphate glucuronic acid,6.6e-05,-1.75,FALSE,579.02681
146.04588,C00025,M-H [1-],4.40000000025975e-05,Arachidonic acid metabolism,mfn1v10path108,95,Matched.Compound,Glutamic acid,0.000116605,1.04,FALSE,146.04588
148.06045,C00025,M+H [1+],2.59999999911997e-05,Arachidonic acid metabolism,mfn1v10path108,95,Matched.Compound,Glutamic acid,0.001100992,-0.39,TRUE,148.06045
306.07649,C00051,M-H [1-],3.40000000278451e-05,Arachidonic acid metabolism,mfn1v10path108,95,Matched.Compound,Glutathione,3.87e-05,-1.43,FALSE,306.07649
346.05571,C00020,M-H [1-],0.000114000000053238,Arachidonic acid metabolism,mfn1v10path108,95,Matched.Compound,Adenosine monophosphate,1.28e-05,-1.39,FALSE,346.05571
613.15941,C00127,M+H [1+],0.000133999999889056,Arachidonic acid metabolism,mfn1v10path108,95,Matched.Compound,Oxidized glutathione,5.47e-05,-1.8,TRUE,613.15941
613.15942,C00127,M+H [1+],0.000143999999863809,Arachidonic acid metabolism,mfn1v10path108,95,Matched.Compound,Oxidized glutathione,0.01612591,-0.75,TRUE,613.15942
76.03932,C00037,M+H [1+],4.40000000025975e-05,Arachidonic acid metabolism,mfn1v10path108,95,Matched.Compound,Glycine,0.326905645,-0.13,TRUE,76.03932
766.1079,C00010,M-H [1-],2.39999999394058e-05,Arachidonic acid metabolism,mfn1v10path108,95,Matched.Compound,Coenzyme A,0.003192,-1.2,FALSE,766.1079
784.1499,C00016,M-H [1-],7.60000000354921e-05,Arachidonic acid metabolism,mfn1v10path108,95,Matched.Compound,FAD,0.0003438,-1.11,FALSE,784.1499
808.11823,C00024,M-H [1-],0.000293999999939842,Arachidonic acid metabolism,mfn1v10path108,95,Matched.Compound,Acetyl-CoA,0.001821828,-0.79,FALSE,808.11823
116.07059,C00763,M+H [1+],1.39999999930751e-05,Arginine and Proline Metabolism,mfn1v10path109,45,Matched.Compound,D-Proline,0.000192438,-0.67,TRUE,116.07059
116.07059,C00148,M+H [1+],1.39999999930751e-05,Arginine and Proline Metabolism,mfn1v10path109,45,Matched.Compound,Proline,0.000192438,-0.67,TRUE,116.07059
128.03531,C04281,M-H [1-],1.39999999930751e-05,Arginine and Proline Metabolism,mfn1v10path109,45,Matched.Compound,Pyrroline hydroxycarboxylic acid,0.002510792,-0.68,FALSE,128.03531
128.0706,C02946,M-H2O+H [1+],2.35332300064783e-05,Arginine and Proline Metabolism,mfn1v10path109,45,Matched.Compound,4-Acetamidobutanoic acid,0.010645162,-0.71,TRUE,128.0706
128.07061,C02946,M-H2O+H [1+],3.35332299812308e-05,Arginine and Proline Metabolism,mfn1v10path109,45,Matched.Compound,4-Acetamidobutanoic acid,0.591044686,0.16,TRUE,128.07061
130.05097,C01165,M-H [1-],4.5999999997548e-05,Arginine and Proline Metabolism,mfn1v10path109,45,Matched.Compound,L-Glutamic gamma-semialdehyde,0.638338765,-0.13,FALSE,130.05097
130.05097,C01157,M-H [1-],4.5999999997548e-05,Arginine and Proline Metabolism,mfn1v10path109,45,Matched.Compound,4-Hydroxyproline,0.638338765,-0.13,FALSE,130.05097
130.05098,C01165,M-H [1-],5.60000000007221e-05,Arginine and Proline Metabolism,mfn1v10path109,45,Matched.Compound,L-Glutamic gamma-semialdehyde,0.172958473,0.22,FALSE,130.05098
130.05098,C01157,M-H [1-],5.60000000007221e-05,Arginine and Proline Metabolism,mfn1v10path109,45,Matched.Compound,4-Hydroxyproline,0.172958473,0.22,FALSE,130.05098
131.11789,C02714,M+H [1+],1.39999999930751e-05,Arginine and Proline Metabolism,mfn1v10path109,45,Matched.Compound,N-Acetylputrescine,0.000649582,-0.71,TRUE,131.11789
132.03023,C00049,M-H [1-],5.99999998485146e-06,Arginine and Proline Metabolism,mfn1v10path109,45,Matched.Compound,L-Aspartic acid,4.41e-07,2.78,FALSE,132.03023
132.06552,C01165,M+H [1+],4.40000000025975e-05,Arginine and Proline Metabolism,mfn1v10path109,45,Matched.Compound,L-Glutamic gamma-semialdehyde,0.974431175,0.13,TRUE,132.06552
132.06552,C01157,M+H [1+],4.40000000025975e-05,Arginine and Proline Metabolism,mfn1v10path109,45,Matched.Compound,4-Hydroxyproline,0.974431175,0.13,TRUE,132.06552
145.01429,C00026,M-H [1-],6.59999999754746e-05,Arginine and Proline Metabolism,mfn1v10path109,45,Matched.Compound,Oxoglutaric acid,1.02e-06,-1.31,FALSE,145.01429
146.04588,C00025,M-H [1-],4.40000000025975e-05,Arginine and Proline Metabolism,mfn1v10path109,45,Matched.Compound,Glutamic acid,0.000116605,1.04,FALSE,146.04588
146.04588,C05938,M-H [1-],4.40000000025975e-05,Arginine and Proline Metabolism,mfn1v10path109,45,Matched.Compound,L-4-Hydroxyglutamate semialdehyde,0.000116605,1.04,FALSE,146.04588
146.08119,C02946,M+H [1+],1.39999999930751e-05,Arginine and Proline Metabolism,mfn1v10path109,45,Matched.Compound,4-Acetamidobutanoic acid,0.000364995,-1.29,TRUE,146.08119
147.07642,C00064,M+H [1+],4.40000000310192e-05,Arginine and Proline Metabolism,mfn1v10path109,45,Matched.Compound,Glutamine,0.854322998,0.14,TRUE,147.07642
148.06045,C00025,M+H [1+],2.59999999911997e-05,Arginine and Proline Metabolism,mfn1v10path109,45,Matched.Compound,Glutamic acid,0.001100992,-0.39,TRUE,148.06045
148.06045,C05938,M+H [1+],2.59999999911997e-05,Arginine and Proline Metabolism,mfn1v10path109,45,Matched.Compound,L-4-Hydroxyglutamate semialdehyde,0.001100992,-0.39,TRUE,148.06045
175.11894,C00062,M+H [1+],3.59999999943739e-05,Arginine and Proline Metabolism,mfn1v10path109,45,Matched.Compound,L-Arginine,0.004878018,-1.01,TRUE,175.11894
289.11539,C03406,M-H [1-],6.60000000038963e-05,Arginine and Proline Metabolism,mfn1v10path109,45,Matched.Compound,Argininosuccinic acid,0.993377048,-0.04,FALSE,289.11539
291.12996,C03406,M+H [1+],8.40000000152941e-05,Arginine and Proline Metabolism,mfn1v10path109,45,Matched.Compound,Argininosuccinic acid,0.000176443,-0.99,TRUE,291.12996
298.09686,C00170,M+H [1+],1.60000000164473e-05,Arginine and Proline Metabolism,mfn1v10path109,45,Matched.Compound,5'-Methylthioadenosine,0.000187727,-0.52,TRUE,298.09686
399.14455,C00019,M+H [1+],7.39999999836982e-05,Arginine and Proline Metabolism,mfn1v10path109,45,Matched.Compound,S-Adenosylmethionine,3e-05,-0.82,TRUE,399.14455
766.1079,C00010,M-H [1-],2.39999999394058e-05,Arginine and Proline Metabolism,mfn1v10path109,45,Matched.Compound,Coenzyme A,0.003192,-1.2,FALSE,766.1079
784.1499,C00016,M-H [1-],7.60000000354921e-05,Arginine and Proline Metabolism,mfn1v10path109,45,Matched.Compound,FAD,0.0003438,-1.11,FALSE,784.1499
808.11823,C00024,M-H [1-],0.000293999999939842,Arginine and Proline Metabolism,mfn1v10path109,45,Matched.Compound,Acetyl-CoA,0.001821828,-0.79,FALSE,808.11823
87.00877,C00022,M-H [1-],4.5999999997548e-05,Arginine and Proline Metabolism,mfn1v10path109,45,Matched.Compound,Pyruvic acid,0.000431622,-1.44,FALSE,87.00877
135.02991,C01620,M-H [1-],1.40000000214968e-05,Ascorbate (Vitamin C) and Aldarate Metabolism,mfn1v10path110,29,Matched.Compound,Threonic acid,0.965577526,0.04,FALSE,135.02991
173.00915,C00425,M-H [1-],8.00000000822365e-06,Ascorbate (Vitamin C) and Aldarate Metabolism,mfn1v10path110,29,Matched.Compound,C00425,0.890044082,-0.07,FALSE,173.00915
191.01972,C00818,M-H2O-H [1-],0.000510000000019772,Ascorbate (Vitamin C) and Aldarate Metabolism,mfn1v10path110,29,Matched.Compound,Glucaric acid,0.684269605,0.09,FALSE,191.01972
191.01972,C04575,M-H [1-],3.99999998990097e-06,Ascorbate (Vitamin C) and Aldarate Metabolism,mfn1v10path110,29,Matched.Compound,Diketogulonic acid,0.684269605,0.09,FALSE,191.01972
191.01973,C00818,M-H2O-H [1-],0.000520000000022947,Ascorbate (Vitamin C) and Aldarate Metabolism,mfn1v10path110,29,Matched.Compound,Glucaric acid,0.908922515,0.19,FALSE,191.01973
191.01973,C04575,M-H [1-],6.00000001327317e-06,Ascorbate (Vitamin C) and Aldarate Metabolism,mfn1v10path110,29,Matched.Compound,Diketogulonic acid,0.908922515,0.19,FALSE,191.01973
195.05101,C00800,M-H [1-],1.40000000214968e-05,Ascorbate (Vitamin C) and Aldarate Metabolism,mfn1v10path110,29,Matched.Compound,Gulonic acid,0.001226582,0.58,FALSE,195.05101
195.05102,C00800,M-H [1-],4.00000001832268e-06,Ascorbate (Vitamin C) and Aldarate Metabolism,mfn1v10path110,29,Matched.Compound,Gulonic acid,7.46e-10,-6.19,FALSE,195.05102
306.07649,C00051,M-H [1-],3.40000000278451e-05,Ascorbate (Vitamin C) and Aldarate Metabolism,mfn1v10path110,29,Matched.Compound,Glutathione,3.87e-05,-1.43,FALSE,306.07649
613.15941,C00127,M+H [1+],0.000133999999889056,Ascorbate (Vitamin C) and Aldarate Metabolism,mfn1v10path110,29,Matched.Compound,Oxidized glutathione,5.47e-05,-1.8,TRUE,613.15941
613.15942,C00127,M+H [1+],0.000143999999863809,Ascorbate (Vitamin C) and Aldarate Metabolism,mfn1v10path110,29,Matched.Compound,Oxidized glutathione,0.01612591,-0.75,TRUE,613.15942
104.07061,C02356,M+H [1+],3.39999999994234e-05,Aspartate and asparagine metabolism,mfn1v10path111,114,Matched.Compound,L-alpha-Aminobutyric acid,0.001126831,-0.29,TRUE,104.07061
104.07061,C00334,M+H [1+],3.39999999994234e-05,Aspartate and asparagine metabolism,mfn1v10path111,114,Matched.Compound,gamma-Aminobutyric acid,0.001126831,-0.29,TRUE,104.07061
116.07059,CE4788,M+H [1+],1.80000000113978e-05,Aspartate and asparagine metabolism,mfn1v10path111,114,Matched.Compound,CE4788,0.000192438,-0.67,TRUE,116.07059
116.07059,C00148,M+H [1+],1.39999999930751e-05,Aspartate and asparagine metabolism,mfn1v10path111,114,Matched.Compound,Proline,0.000192438,-0.67,TRUE,116.07059
128.03531,C01879,M-H [1-],1.39999999930751e-05,Aspartate and asparagine metabolism,mfn1v10path111,114,Matched.Compound,Pyroglutamic acid,0.002510792,-0.68,FALSE,128.03531
128.03531,C02238,M-H [1-],9.99999997475243e-07,Aspartate and asparagine metabolism,mfn1v10path111,114,Matched.Compound,C02238,0.002510792,-0.68,FALSE,128.03531
128.03531,C04281,M-H [1-],1.39999999930751e-05,Aspartate and asparagine metabolism,mfn1v10path111,114,Matched.Compound,Pyrroline hydroxycarboxylic acid,0.002510792,-0.68,FALSE,128.03531
128.03531,C04282,M-H [1-],1.39999999930751e-05,Aspartate and asparagine metabolism,mfn1v10path111,114,Matched.Compound,1-Pyrroline-4-hydroxy-2-carboxylate,0.002510792,-0.68,FALSE,128.03531
128.0706,C02946,M-H2O+H [1+],2.35332300064783e-05,Aspartate and asparagine metabolism,mfn1v10path111,114,Matched.Compound,4-Acetamidobutanoic acid,0.010645162,-0.71,TRUE,128.0706
128.07061,C02946,M-H2O+H [1+],3.35332299812308e-05,Aspartate and asparagine metabolism,mfn1v10path111,114,Matched.Compound,4-Acetamidobutanoic acid,0.591044686,0.16,TRUE,128.07061
130.05097,C01165,M-H [1-],4.5999999997548e-05,Aspartate and asparagine metabolism,mfn1v10path111,114,Matched.Compound,L-Glutamic gamma-semialdehyde,0.638338765,-0.13,FALSE,130.05097
130.05097,C01157,M-H [1-],4.5999999997548e-05,Aspartate and asparagine metabolism,mfn1v10path111,114,Matched.Compound,4-Hydroxyproline,0.638338765,-0.13,FALSE,130.05097
130.05097,C03440,M-H [1-],4.5999999997548e-05,Aspartate and asparagine metabolism,mfn1v10path111,114,Matched.Compound,cis-4-Hydroxy-D-proline,0.638338765,-0.13,FALSE,130.05097
130.05098,C01165,M-H [1-],5.60000000007221e-05,Aspartate and asparagine metabolism,mfn1v10path111,114,Matched.Compound,L-Glutamic gamma-semialdehyde,0.172958473,0.22,FALSE,130.05098
130.05098,C01157,M-H [1-],5.60000000007221e-05,Aspartate and asparagine metabolism,mfn1v10path111,114,Matched.Compound,4-Hydroxyproline,0.172958473,0.22,FALSE,130.05098
130.05098,C03440,M-H [1-],5.60000000007221e-05,Aspartate and asparagine metabolism,mfn1v10path111,114,Matched.Compound,cis-4-Hydroxy-D-proline,0.172958473,0.22,FALSE,130.05098
131.04623,C00152,M-H [1-],5.99999998485146e-06,Aspartate and asparagine metabolism,mfn1v10path111,114,Matched.Compound,L-Asparagine,0.410848838,0.28,FALSE,131.04623
131.11789,C02714,M+H [1+],1.39999999930751e-05,Aspartate and asparagine metabolism,mfn1v10path111,114,Matched.Compound,N-Acetylputrescine,0.000649582,-0.71,TRUE,131.11789
132.03023,C00049,M-H [1-],5.99999998485146e-06,Aspartate and asparagine metabolism,mfn1v10path111,114,Matched.Compound,L-Aspartic acid,4.41e-07,2.78,FALSE,132.03023
132.03023,C00402,M-H [1-],5.99999998485146e-06,Aspartate and asparagine metabolism,mfn1v10path111,114,Matched.Compound,D-Aspartic acid,4.41e-07,2.78,FALSE,132.03023
132.06552,C01165,M+H [1+],4.40000000025975e-05,Aspartate and asparagine metabolism,mfn1v10path111,114,Matched.Compound,L-Glutamic gamma-semialdehyde,0.974431175,0.13,TRUE,132.06552
132.06552,C01157,M+H [1+],4.40000000025975e-05,Aspartate and asparagine metabolism,mfn1v10path111,114,Matched.Compound,4-Hydroxyproline,0.974431175,0.13,TRUE,132.06552
132.06552,C03440,M+H [1+],4.40000000025975e-05,Aspartate and asparagine metabolism,mfn1v10path111,114,Matched.Compound,cis-4-Hydroxy-D-proline,0.974431175,0.13,TRUE,132.06552
145.01429,C00026,M-H [1-],6.59999999754746e-05,Aspartate and asparagine metabolism,mfn1v10path111,114,Matched.Compound,Oxoglutaric acid,1.02e-06,-1.31,FALSE,145.01429
146.04588,C00025,M-H [1-],4.40000000025975e-05,Aspartate and asparagine metabolism,mfn1v10path111,114,Matched.Compound,Glutamic acid,0.000116605,1.04,FALSE,146.04588
146.04588,C05938,M-H [1-],4.40000000025975e-05,Aspartate and asparagine metabolism,mfn1v10path111,114,Matched.Compound,L-4-Hydroxyglutamate semialdehyde,0.000116605,1.04,FALSE,146.04588
146.08119,C02946,M+H [1+],1.39999999930751e-05,Aspartate and asparagine metabolism,mfn1v10path111,114,Matched.Compound,4-Acetamidobutanoic acid,0.000364995,-1.29,TRUE,146.08119
146.09246,C01035,M+H [1+],8.39999999868724e-05,Aspartate and asparagine metabolism,mfn1v10path111,114,Matched.Compound,4-Guanidinobutanoic acid,3.44e-07,-2.22,TRUE,146.09246
147.02987,C02630,M-H [1-],5.40000000341934e-05,Aspartate and asparagine metabolism,mfn1v10path111,114,Matched.Compound,2-Hydroxyglutarate,0.104233405,-0.19,FALSE,147.02987
147.07642,C00064,M+H [1+],4.40000000310192e-05,Aspartate and asparagine metabolism,mfn1v10path111,114,Matched.Compound,Glutamine,0.854322998,0.14,TRUE,147.07642
148.06045,C00025,M+H [1+],2.59999999911997e-05,Aspartate and asparagine metabolism,mfn1v10path111,114,Matched.Compound,Glutamic acid,0.001100992,-0.39,TRUE,148.06045
148.06045,C05938,M+H [1+],2.59999999911997e-05,Aspartate and asparagine metabolism,mfn1v10path111,114,Matched.Compound,L-4-Hydroxyglutamate semialdehyde,0.001100992,-0.39,TRUE,148.06045
175.1077,C00437,M+H [1+],2.39999999962492e-05,Aspartate and asparagine metabolism,mfn1v10path111,114,Matched.Compound,N2-Acetylornithine,0.0377417,-0.65,TRUE,175.1077
175.11894,C00062,M+H [1+],3.59999999943739e-05,Aspartate and asparagine metabolism,mfn1v10path111,114,Matched.Compound,L-Arginine,0.004878018,-1.01,TRUE,175.11894
188.17573,C01029,M+H [1+],4.5999999997548e-05,Aspartate and asparagine metabolism,mfn1v10path111,114,Matched.Compound,N8-Acetylspermidine,0.027593179,-0.6,TRUE,188.17573
188.17573,C00612,M+H [1+],4.5999999997548e-05,Aspartate and asparagine metabolism,mfn1v10path111,114,Matched.Compound,N1-Acetylspermidine,0.027593179,-0.6,TRUE,188.17573
191.06624,C05829,M+H [1+],3.59999999943739e-05,Aspartate and asparagine metabolism,mfn1v10path111,114,Matched.Compound,Carglumic acid,0.050235892,0.25,TRUE,191.06624
199.07241,C03740,M-H2O-H [1-],0.000528429699983235,Aspartate and asparagine metabolism,mfn1v10path111,114,Matched.Compound,gamma-Glutamylalanine,0.041243729,-1,FALSE,199.07241
217.08303,C03740,M-H [1-],3.44296999799099e-05,Aspartate and asparagine metabolism,mfn1v10path111,114,Matched.Compound,gamma-Glutamylalanine,0.728150735,0.19,FALSE,217.08303
219.09754,C03740,M+H [1+],7.57029999931547e-06,Aspartate and asparagine metabolism,mfn1v10path111,114,Matched.Compound,gamma-Glutamylalanine,6.21e-07,-1.96,TRUE,219.09754
231.09864,C03415,M-H [1-],1.59999999880256e-05,Aspartate and asparagine metabolism,mfn1v10path111,114,Matched.Compound,N2-Succinyl-L-ornithine,0.00821404,0.51,FALSE,231.09864
231.13508,CE1938,M-H [1-],5.29999999798747e-05,Aspartate and asparagine metabolism,mfn1v10path111,114,Matched.Compound,CE1938,0.992714733,-0.05,FALSE,231.13508
251.0696,C00669,M+H [1+],2.4000000024671e-05,Aspartate and asparagine metabolism,mfn1v10path111,114,Matched.Compound,gamma-Glutamylcysteine,0.392835338,-1.02,TRUE,251.0696
251.06965,C00669,M+H [1+],7.40000000121199e-05,Aspartate and asparagine metabolism,mfn1v10path111,114,Matched.Compound,gamma-Glutamylcysteine,0.060767024,-1.85,TRUE,251.06965
306.07649,C00051,M-H [1-],3.40000000278451e-05,Aspartate and asparagine metabolism,mfn1v10path111,114,Matched.Compound,Glutathione,3.87e-05,-1.43,FALSE,306.07649
316.11506,C04540,M-H2O-H [1-],0.000550000000032469,Aspartate and asparagine metabolism,mfn1v10path111,114,Matched.Compound,Aspartylglycosamine,0.237848847,-0.28,FALSE,316.11506
318.12961,C04540,M-H2O+H [1+],3.35332300096525e-05,Aspartate and asparagine metabolism,mfn1v10path111,114,Matched.Compound,Aspartylglycosamine,0.99786609,-0.05,TRUE,318.12961
334.12563,C04540,M-H [1-],5.99999998485146e-06,Aspartate and asparagine metabolism,mfn1v10path111,114,Matched.Compound,Aspartylglycosamine,0.000420668,-0.88,FALSE,334.12563
336.14022,C04540,M+H [1+],4.40000000025975e-05,Aspartate and asparagine metabolism,mfn1v10path111,114,Matched.Compound,Aspartylglycosamine,0.012069026,-0.38,TRUE,336.14022
346.05571,C00020,M-H [1-],0.000114000000053238,Aspartate and asparagine metabolism,mfn1v10path111,114,Matched.Compound,Adenosine monophosphate,1.28e-05,-1.39,FALSE,346.05571
613.15941,C00127,M+H [1+],0.000133999999889056,Aspartate and asparagine metabolism,mfn1v10path111,114,Matched.Compound,Oxidized glutathione,5.47e-05,-1.8,TRUE,613.15941
613.15942,C00127,M+H [1+],0.000143999999863809,Aspartate and asparagine metabolism,mfn1v10path111,114,Matched.Compound,Oxidized glutathione,0.01612591,-0.75,TRUE,613.15942
76.03932,C00037,M+H [1+],4.40000000025975e-05,Aspartate and asparagine metabolism,mfn1v10path111,114,Matched.Compound,Glycine,0.326905645,-0.13,TRUE,76.03932
766.1079,C00010,M-H [1-],2.39999999394058e-05,Aspartate and asparagine metabolism,mfn1v10path111,114,Matched.Compound,Coenzyme A,0.003192,-1.2,FALSE,766.1079
784.1499,C00016,M-H [1-],7.60000000354921e-05,Aspartate and asparagine metabolism,mfn1v10path111,114,Matched.Compound,FAD,0.0003438,-1.11,FALSE,784.1499
808.11823,C00024,M-H [1-],0.000293999999939842,Aspartate and asparagine metabolism,mfn1v10path111,114,Matched.Compound,Acetyl-CoA,0.001821828,-0.79,FALSE,808.11823
86.06002,C02356,M-H2O+H [1+],4.35332299986158e-05,Aspartate and asparagine metabolism,mfn1v10path111,114,Matched.Compound,L-alpha-Aminobutyric acid,0.009943585,-0.68,TRUE,86.06002
86.06002,C00334,M-H2O+H [1+],4.35332299986158e-05,Aspartate and asparagine metabolism,mfn1v10path111,114,Matched.Compound,gamma-Aminobutyric acid,0.009943585,-0.68,TRUE,86.06002
104.07061,C00334,M+H [1+],3.39999999994234e-05,Beta-Alanine metabolism,mfn1v10path114,20,Matched.Compound,gamma-Aminobutyric acid,0.001126831,-0.29,TRUE,104.07061
132.03023,C00049,M-H [1-],5.99999998485146e-06,Beta-Alanine metabolism,mfn1v10path114,20,Matched.Compound,L-Aspartic acid,4.41e-07,2.78,FALSE,132.03023
145.01429,C00026,M-H [1-],6.59999999754746e-05,Beta-Alanine metabolism,mfn1v10path114,20,Matched.Compound,Oxoglutaric acid,1.02e-06,-1.31,FALSE,145.01429
146.04588,C00025,M-H [1-],4.40000000025975e-05,Beta-Alanine metabolism,mfn1v10path114,20,Matched.Compound,Glutamic acid,0.000116605,1.04,FALSE,146.04588
148.06045,C00025,M+H [1+],2.59999999911997e-05,Beta-Alanine metabolism,mfn1v10path114,20,Matched.Compound,Glutamic acid,0.001100992,-0.39,TRUE,148.06045
154.06221,C00135,M-H [1-],1.40000000214968e-05,Beta-Alanine metabolism,mfn1v10path114,20,Matched.Compound,Histidine,0.742996594,0.19,FALSE,154.06221
227.1139,C00386,M+H [1+],2.4000000024671e-05,Beta-Alanine metabolism,mfn1v10path114,20,Matched.Compound,Carnosine,0.003518302,-1.25,TRUE,227.1139
766.1079,C00010,M-H [1-],2.39999999394058e-05,Beta-Alanine metabolism,mfn1v10path114,20,Matched.Compound,Coenzyme A,0.003192,-1.2,FALSE,766.1079
86.06002,C00334,M-H2O+H [1+],4.35332299986158e-05,Beta-Alanine metabolism,mfn1v10path114,20,Matched.Compound,gamma-Aminobutyric acid,0.009943585,-0.68,TRUE,86.06002
87.00877,C00222,M-H [1-],4.5999999997548e-05,Beta-Alanine metabolism,mfn1v10path114,20,Matched.Compound,Malonic semialdehyde,0.000431622,-1.44,FALSE,87.00877
89.02442,C01013,M-H [1-],3.99999998990097e-06,Beta-Alanine metabolism,mfn1v10path114,20,Matched.Compound,Hydroxypropionic acid,0.000240254,-1.22,FALSE,89.02442
90.05493,C00099,M+H [1+],4.60000000117589e-05,Beta-Alanine metabolism,mfn1v10path114,20,Matched.Compound,beta-Alanine,0.00111173,-0.63,TRUE,90.05493
90.05495,C00099,M+H [1+],2.60000000054106e-05,Beta-Alanine metabolism,mfn1v10path114,20,Matched.Compound,beta-Alanine,1.18e-07,-1.06,TRUE,90.05495
124.00741,C00245,M-H [1-],1.4000000007286e-05,Bile acid biosynthesis,mfn1v10path115,82,Matched.Compound,Taurine,4.92e-05,-0.78,FALSE,124.00741
346.05571,C00020,M-H [1-],0.000114000000053238,Bile acid biosynthesis,mfn1v10path115,82,Matched.Compound,Adenosine monophosphate,1.28e-05,-1.39,FALSE,346.05571
369.35159,C00187,M-H2O+H [1+],1.35332300033042e-05,Bile acid biosynthesis,mfn1v10path115,82,Matched.Compound,Cholesterol,0.191911212,0.39,TRUE,369.35159
401.34161,C05455,M+H [1+],0.000234000000034484,Bile acid biosynthesis,mfn1v10path115,82,Matched.Compound,7a-Hydroxy-cholestene-3-one,0.009894169,0.77,TRUE,401.34161
401.34161,C06341,M-H2O+H [1+],0.000233533230016292,Bile acid biosynthesis,mfn1v10path115,82,Matched.Compound,"7-a,27-Dihydroxycholesterol",0.009894169,0.77,TRUE,401.34161
401.34161,C05458,M-H2O+H [1+],0.000233533230016292,Bile acid biosynthesis,mfn1v10path115,82,Matched.Compound,"7a,12a-Dihydroxy-5a-cholestan-3-one",0.009894169,0.77,TRUE,401.34161
401.34161,C05453,M-H2O+H [1+],0.000233533230016292,Bile acid biosynthesis,mfn1v10path115,82,Matched.Compound,"7a,12a-Dihydroxy-5b-cholestan-3-one",0.009894169,0.77,TRUE,401.34161
401.34161,CE5530,M-H2O+H [1+],0.000237533230006193,Bile acid biosynthesis,mfn1v10path115,82,Matched.Compound,CE5530,0.009894169,0.77,TRUE,401.34161
401.34161,C15520,M-H2O+H [1+],0.000233533230016292,Bile acid biosynthesis,mfn1v10path115,82,Matched.Compound,"7-a,25-Dihydroxycholesterol",0.009894169,0.77,TRUE,401.34161
401.34161,C15518,M-H2O+H [1+],0.000233533230016292,Bile acid biosynthesis,mfn1v10path115,82,Matched.Compound,"(24S)-7alpha,24-Dihydroxycholesterol",0.009894169,0.77,TRUE,401.34161
401.34161,C05445,M-H2O+H [1+],0.000233533230016292,Bile acid biosynthesis,mfn1v10path115,82,Matched.Compound,"3a,7a-Dihydroxy-5b-cholestan-26-al",0.009894169,0.77,TRUE,401.34161
448.30684,C05462,M-H [1-],9.99999997475243e-07,Bile acid biosynthesis,mfn1v10path115,82,Matched.Compound,Chenodeoxyglycocholic acid,0.26760904,-0.73,FALSE,448.30684
448.30684,C05466,M-H [1-],1.60000000164473e-05,Bile acid biosynthesis,mfn1v10path115,82,Matched.Compound,Chenodeoxycholic acid glycine conjugate,0.26760904,-0.73,FALSE,448.30684
451.34299,CE1277,M-H [1-],7.69999999761239e-05,Bile acid biosynthesis,mfn1v10path115,82,Matched.Compound,CE1277,0.436955658,0.03,FALSE,451.34299
451.34299,CE1278,M-H [1-],7.69999999761239e-05,Bile acid biosynthesis,mfn1v10path115,82,Matched.Compound,CE1278,0.436955658,0.03,FALSE,451.34299
451.34299,CE1279,M-H [1-],7.69999999761239e-05,Bile acid biosynthesis,mfn1v10path115,82,Matched.Compound,CE1279,0.436955658,0.03,FALSE,451.34299
451.34299,CE4874,M-H [1-],7.69999999761239e-05,Bile acid biosynthesis,mfn1v10path115,82,Matched.Compound,CE4874,0.436955658,0.03,FALSE,451.34299
498.28944,C05463,M-H [1-],8.40000000152941e-05,Bile acid biosynthesis,mfn1v10path115,82,Matched.Compound,Taurodeoxycholic acid,0.011438215,-0.97,FALSE,498.28944
498.28944,C05465,M-H [1-],8.40000000152941e-05,Bile acid biosynthesis,mfn1v10path115,82,Matched.Compound,Taurochenodesoxycholic acid,0.011438215,-0.97,FALSE,498.28944
514.28451,C05122,M-H [1-],8.60000000102445e-05,Bile acid biosynthesis,mfn1v10path115,82,Matched.Compound,Taurocholic acid,0.014459067,-1.7,FALSE,514.28451
514.28451,C15516,M-H [1-],8.60000000102445e-05,Bile acid biosynthesis,mfn1v10path115,82,Matched.Compound,Taurohyocholate,0.014459067,-1.7,FALSE,514.28451
76.03932,C00037,M+H [1+],4.40000000025975e-05,Bile acid biosynthesis,mfn1v10path115,82,Matched.Compound,Glycine,0.326905645,-0.13,TRUE,76.03932
766.1079,C00010,M-H [1-],2.39999999394058e-05,Bile acid biosynthesis,mfn1v10path115,82,Matched.Compound,Coenzyme A,0.003192,-1.2,FALSE,766.1079
784.1499,C00016,M-H [1-],7.60000000354921e-05,Bile acid biosynthesis,mfn1v10path115,82,Matched.Compound,FAD,0.0003438,-1.11,FALSE,784.1499
164.07169,C00079,M-H [1-],3.40000000278451e-05,Biopterin metabolism,mfn1v10path116,22,Matched.Compound,Phenylalanine,0.196612428,-0.13,FALSE,164.07169
182.08114,C00082,M+H [1+],3.59999999943739e-05,Biopterin metabolism,mfn1v10path116,22,Matched.Compound,L-Tyrosine,0.045119377,-0.31,TRUE,182.08114
521.98338,C00044,M-H [1-],4.39999998889107e-05,Biopterin metabolism,mfn1v10path116,22,Matched.Compound,Guanosine triphosphate,0.00081538,-0.93,FALSE,521.98338
521.98338,C05922,M-H2O-H [1-],0.00056999999992513,Biopterin metabolism,mfn1v10path116,22,Matched.Compound,Formamidopyrimidine nucleoside triphosphate,0.00081538,-0.93,FALSE,521.98338
304.03401,C00055,M-H2O-H [1-],0.00050000000004502,Blood Group Biosynthesis,mfn1v10path117,44,Matched.Compound,Cytidine monophosphate,0.139681717,-0.47,FALSE,304.03401
402.99482,C00015,M-H [1-],0.000104000000021642,Blood Group Biosynthesis,mfn1v10path117,44,Matched.Compound,Uridine 5'-diphosphate,0.000392552,-1.05,FALSE,402.99482
442.01703,C00035,M-H [1-],5.99999998485146e-06,Blood Group Biosynthesis,mfn1v10path117,44,Matched.Compound,Guanosine diphosphate,3.77e-05,-1.1,FALSE,442.01703
565.04754,C00052,M-H [1-],0.000183999999876505,Blood Group Biosynthesis,mfn1v10path117,44,Matched.Compound,Uridine diphosphategalactose,0.000220563,-0.69,FALSE,565.04754
588.07495,C00325,M-H [1-],2.60000000480431e-05,Blood Group Biosynthesis,mfn1v10path117,44,Matched.Compound,GDP-L-fucose,1.29e-05,-1.17,FALSE,588.07495
606.07411,C00203,M-H [1-],0.000213999999914449,Blood Group Biosynthesis,mfn1v10path117,44,Matched.Compound,Uridine diphosphate-N-acetylgalactosamine,1.54e-05,-1.31,FALSE,606.07411
606.07411,C00043,M-H [1-],0.000213999999914449,Blood Group Biosynthesis,mfn1v10path117,44,Matched.Compound,Uridine diphosphate-N-acetylglucosamine,1.54e-05,-1.31,FALSE,606.07411
104.07061,C00334,M+H [1+],3.39999999994234e-05,Butanoate metabolism,mfn1v10path118,34,Matched.Compound,gamma-Aminobutyric acid,0.001126831,-0.29,TRUE,104.07061
145.01429,C00026,M-H [1-],6.59999999754746e-05,Butanoate metabolism,mfn1v10path118,34,Matched.Compound,Oxoglutaric acid,1.02e-06,-1.31,FALSE,145.01429
146.04588,C00025,M-H [1-],4.40000000025975e-05,Butanoate metabolism,mfn1v10path118,34,Matched.Compound,Glutamic acid,0.000116605,1.04,FALSE,146.04588
148.06045,C00025,M+H [1+],2.59999999911997e-05,Butanoate metabolism,mfn1v10path118,34,Matched.Compound,Glutamic acid,0.001100992,-0.39,TRUE,148.06045
158.08226,C03087,M-H [1-],3.59999999943739e-05,Butanoate metabolism,mfn1v10path118,34,Matched.Compound,5-Acetamidovalerate,0.01654367,-0.44,FALSE,158.08226
160.09684,C03087,M+H [1+],6.40000000089458e-05,Butanoate metabolism,mfn1v10path118,34,Matched.Compound,5-Acetamidovalerate,0.284994646,-0.42,TRUE,160.09684
170.08117,C05548,M-H2O+H [1+],6.46677000304408e-06,Butanoate metabolism,mfn1v10path118,34,Matched.Compound,2-Keto-6-acetamidocaproate,0.021088126,-0.82,TRUE,170.08117
346.05571,C00020,M-H [1-],0.000114000000053238,Butanoate metabolism,mfn1v10path118,34,Matched.Compound,Adenosine monophosphate,1.28e-05,-1.39,FALSE,346.05571
766.1079,C00010,M-H [1-],2.39999999394058e-05,Butanoate metabolism,mfn1v10path118,34,Matched.Compound,Coenzyme A,0.003192,-1.2,FALSE,766.1079
784.1499,C00016,M-H [1-],7.60000000354921e-05,Butanoate metabolism,mfn1v10path118,34,Matched.Compound,FAD,0.0003438,-1.11,FALSE,784.1499
808.11823,C00024,M-H [1-],0.000293999999939842,Butanoate metabolism,mfn1v10path118,34,Matched.Compound,Acetyl-CoA,0.001821828,-0.79,FALSE,808.11823
836.14989,C00136,M-H [1-],6.60000000607397e-05,Butanoate metabolism,mfn1v10path118,34,Matched.Compound,Butyryl-CoA,0.006668008,-0.7,FALSE,836.14989
86.06002,C00334,M-H2O+H [1+],4.35332299986158e-05,Butanoate metabolism,mfn1v10path118,34,Matched.Compound,gamma-Aminobutyric acid,0.009943585,-0.68,TRUE,86.06002
87.00877,C00022,M-H [1-],4.5999999997548e-05,Butanoate metabolism,mfn1v10path118,34,Matched.Compound,Pyruvic acid,0.000431622,-1.44,FALSE,87.00877
369.35159,C00187,M-H2O+H [1+],1.35332300033042e-05,C21-steroid hormone biosynthesis and metabolism,mfn1v10path119,112,Matched.Compound,Cholesterol,0.191911212,0.39,TRUE,369.35159
401.34161,C06341,M-H2O+H [1+],0.000233533230016292,C21-steroid hormone biosynthesis and metabolism,mfn1v10path119,112,Matched.Compound,"7-a,27-Dihydroxycholesterol",0.009894169,0.77,TRUE,401.34161
401.34161,C05501,M-H2O+H [1+],0.000233533230016292,C21-steroid hormone biosynthesis and metabolism,mfn1v10path119,112,Matched.Compound,"20a,22b-Dihydroxycholesterol",0.009894169,0.77,TRUE,401.34161
401.34161,C15520,M-H2O+H [1+],0.000233533230016292,C21-steroid hormone biosynthesis and metabolism,mfn1v10path119,112,Matched.Compound,"7-a,25-Dihydroxycholesterol",0.009894169,0.77,TRUE,401.34161
401.34161,C05499,M-H2O+H [1+],0.000233533230016292,C21-steroid hormone biosynthesis and metabolism,mfn1v10path119,112,Matched.Compound,"17a,20a-Dihydroxycholesterol",0.009894169,0.77,TRUE,401.34161
402.99482,C00015,M-H [1-],0.000104000000021642,C21-steroid hormone biosynthesis and metabolism,mfn1v10path119,112,Matched.Compound,Uridine 5'-diphosphate,0.000392552,-1.05,FALSE,402.99482
426.02206,C00054,M-H [1-],6.40000000089458e-05,C21-steroid hormone biosynthesis and metabolism,mfn1v10path119,112,Matched.Compound,"Adenosine 3',5'-diphosphate",0.000785849,-1.11,FALSE,426.02206
579.02681,C00167,M-H [1-],0.000214000000028136,C21-steroid hormone biosynthesis and metabolism,mfn1v10path119,112,Matched.Compound,Uridine diphosphate glucuronic acid,6.6e-05,-1.75,FALSE,579.02681
442.01703,C00035,M-H [1-],5.99999998485146e-06,C5-Branched dibasic acid metabolism,mfn1v10path120,10,Matched.Compound,Guanosine diphosphate,3.77e-05,-1.1,FALSE,442.01703
521.98338,C00044,M-H [1-],4.39999998889107e-05,C5-Branched dibasic acid metabolism,mfn1v10path120,10,Matched.Compound,Guanosine triphosphate,0.00081538,-0.93,FALSE,521.98338
766.1079,C00010,M-H [1-],2.39999999394058e-05,C5-Branched dibasic acid metabolism,mfn1v10path120,10,Matched.Compound,Coenzyme A,0.003192,-1.2,FALSE,766.1079
808.11823,C00024,M-H [1-],0.000293999999939842,C5-Branched dibasic acid metabolism,mfn1v10path120,10,Matched.Compound,Acetyl-CoA,0.001821828,-0.79,FALSE,808.11823
87.00877,C00022,M-H [1-],4.5999999997548e-05,C5-Branched dibasic acid metabolism,mfn1v10path120,10,Matched.Compound,Pyruvic acid,0.000431622,-1.44,FALSE,87.00877
132.03023,C00049,M-H [1-],5.99999998485146e-06,Carbon fixation,mfn1v10path122,10,Matched.Compound,L-Aspartic acid,4.41e-07,2.78,FALSE,132.03023
166.97508,C00074,M-H [1-],4.40000000310192e-05,Carbon fixation,mfn1v10path122,10,Matched.Compound,Phosphoenolpyruvic acid,0.124387806,-0.55,FALSE,166.97508
168.99075,C00111,M-H [1-],2.59999999911997e-05,Carbon fixation,mfn1v10path122,10,Matched.Compound,Dihydroxyacetone phosphate,0.916146696,0.07,FALSE,168.99075
168.99075,C00118,M-H [1-],2.59999999911997e-05,Carbon fixation,mfn1v10path122,10,Matched.Compound,Glyceraldehyde 3-phosphate,0.916146696,0.07,FALSE,168.99075
211.00131,C00231,M-H2O-H [1-],0.000499999999988177,Carbon fixation,mfn1v10path122,10,Matched.Compound,Xylulose 5-phosphate,0.383876898,-0.16,FALSE,211.00131
229.01187,C00231,M-H [1-],5.40000000341934e-05,Carbon fixation,mfn1v10path122,10,Matched.Compound,Xylulose 5-phosphate,0.003007689,-1.04,FALSE,229.01187
241.01188,C00085,M-H2O-H [1-],0.000570000000010396,Carbon fixation,mfn1v10path122,10,Matched.Compound,Fructose 6-phosphate,0.000152822,-1.33,FALSE,241.01188
259.02242,C00085,M-H [1-],3.99999998990097e-06,Carbon fixation,mfn1v10path122,10,Matched.Compound,Fructose 6-phosphate,2.14e-06,-1.85,FALSE,259.02242
259.02243,C00085,M-H [1-],5.99999998485146e-06,Carbon fixation,mfn1v10path122,10,Matched.Compound,Fructose 6-phosphate,0.312254134,-0.36,FALSE,259.02243
338.98866,C00354,M-H [1-],6.40000000089458e-05,Carbon fixation,mfn1v10path122,10,Matched.Compound,"Fructose 1,6-bisphosphate",7.79e-05,-1.11,FALSE,338.98866
87.00877,C00022,M-H [1-],4.5999999997548e-05,Carbon fixation,mfn1v10path122,10,Matched.Compound,Pyruvic acid,0.000431622,-1.44,FALSE,87.00877
162.11245,C00318,M+H [1+],2.59999999911997e-05,Carnitine shuttle,mfn1v10path123,72,Matched.Compound,C00318,9.11e-05,-0.88,TRUE,162.11245
218.13864,pcrn,M+H [1+],4.49999999716511e-05,Carnitine shuttle,mfn1v10path123,72,Matched.Compound,pcrn,5.51e-06,-1.4,TRUE,218.13864
372.31081,ttdcrn,M+H [1+],2.39999999962492e-05,Carnitine shuttle,mfn1v10path123,72,Matched.Compound,ttdcrn,0.120949965,0.36,TRUE,372.31081
386.32652,ptdcacrn,M+H [1+],3.51261000446357e-05,Carnitine shuttle,mfn1v10path123,72,Matched.Compound,ptdcacrn,0.001285707,1.04,TRUE,386.32652
398.32651,hdd2crn,M+H [1+],2.00000000063483e-05,Carnitine shuttle,mfn1v10path123,72,Matched.Compound,hdd2crn,0.003145877,1.01,TRUE,398.32651
398.32651,hdcecrn,M+H [1+],2.00000000063483e-05,Carnitine shuttle,mfn1v10path123,72,Matched.Compound,hdcecrn,0.003145877,1.01,TRUE,398.32651
400.34212,C02990,M+H [1+],5.59999999723004e-05,Carnitine shuttle,mfn1v10path123,72,Matched.Compound,Palmitoylcarnitine,0.03148199,0.6,TRUE,400.34212
414.35786,hpdcacrn,M+H [1+],9.00000000001455e-05,Carnitine shuttle,mfn1v10path123,72,Matched.Compound,hpdcacrn,5.1e-05,1.35,TRUE,414.35786
426.35784,elaidcrn,M+H [1+],6.99999999937972e-05,Carnitine shuttle,mfn1v10path123,72,Matched.Compound,elaidcrn,0.000313323,1.39,TRUE,426.35784
426.35784,vacccrn,M+H [1+],6.99999999937972e-05,Carnitine shuttle,mfn1v10path123,72,Matched.Compound,vacccrn,0.000313323,1.39,TRUE,426.35784
426.35784,odecrn,M+H [1+],6.99999999937972e-05,Carnitine shuttle,mfn1v10path123,72,Matched.Compound,odecrn,0.000313323,1.39,TRUE,426.35784
428.37341,stcrn,M+H [1+],1.60000000164473e-05,Carnitine shuttle,mfn1v10path123,72,Matched.Compound,stcrn,0.000166433,1.23,TRUE,428.37341
456.40477,arachcrn,M+H [1+],3.29999999735264e-05,Carnitine shuttle,mfn1v10path123,72,Matched.Compound,arachcrn,0.00013714,1.6,TRUE,456.40477
474.35782,dcsptn1crn,M+H [1+],4.9999999987449e-05,Carnitine shuttle,mfn1v10path123,72,Matched.Compound,dcsptn1crn,0.024524329,0.77,TRUE,474.35782
474.35782,clpndcrn,M+H [1+],4.9999999987449e-05,Carnitine shuttle,mfn1v10path123,72,Matched.Compound,clpndcrn,0.024524329,0.77,TRUE,474.35782
766.1079,C00010,M-H [1-],2.39999999394058e-05,Carnitine shuttle,mfn1v10path123,72,Matched.Compound,Coenzyme A,0.003192,-1.2,FALSE,766.1079
179.0561,C00124,M-H [1-],2.4000000024671e-05,Chondroitin sulfate degradation,mfn1v10path124,37,Matched.Compound,D-Galactose,5.03e-05,-1.3,FALSE,179.0561
179.05612,C00124,M-H [1-],4.00000001832268e-06,Chondroitin sulfate degradation,mfn1v10path124,37,Matched.Compound,D-Galactose,0.278443464,-0.46,FALSE,179.05612
218.1034,C00864,M-H [1-],2.4000000024671e-05,CoA Catabolism,mfn1v10path125,7,Matched.Compound,Pantothenic acid,2.81e-05,-0.99,FALSE,218.1034
346.05571,C00020,M-H [1-],0.000114000000053238,CoA Catabolism,mfn1v10path125,7,Matched.Compound,Adenosine monophosphate,1.28e-05,-1.39,FALSE,346.05571
766.1079,C00010,M-H [1-],2.39999999394058e-05,CoA Catabolism,mfn1v10path125,7,Matched.Compound,Coenzyme A,0.003192,-1.2,FALSE,766.1079
173.00915,C00425,M-H [1-],8.00000000822365e-06,D4&E4-neuroprostanes formation,mfn1v10path126,37,Matched.Compound,C00425,0.890044082,-0.07,FALSE,173.00915
199.17035,C02679,M-H [1-],2.59999999911997e-05,De novo fatty acid biosynthesis,mfn1v10path127,106,Matched.Compound,Dodecanoic acid,0.552884979,0.17,FALSE,199.17035
227.20165,C06424,M-H [1-],2.59999999911997e-05,De novo fatty acid biosynthesis,mfn1v10path127,106,Matched.Compound,Myristic acid,0.08003377,-3.48,FALSE,227.20165
255.23295,C00249,M-H [1-],2.5999999962778e-05,De novo fatty acid biosynthesis,mfn1v10path127,106,Matched.Compound,Palmitic acid,0.17605372,1.17,FALSE,255.23295
279.23295,C01595,M-H [1-],2.59999999911997e-05,De novo fatty acid biosynthesis,mfn1v10path127,106,Matched.Compound,Linoleic acid,0.334212692,1.13,FALSE,279.23295
281.2486,C00712,M-H [1-],2.39999999962492e-05,De novo fatty acid biosynthesis,mfn1v10path127,106,Matched.Compound,Oleic acid,0.329750791,0.91,FALSE,281.2486
283.26422,C01530,M-H [1-],3.99999998990097e-06,De novo fatty acid biosynthesis,mfn1v10path127,106,Matched.Compound,Stearic acid,0.166858293,1.55,FALSE,283.26422
339.32673,C08281,M-H [1-],9.39999999900465e-05,De novo fatty acid biosynthesis,mfn1v10path127,106,Matched.Compound,Behenic acid,0.161080294,1.41,FALSE,339.32673
346.05571,C00020,M-H [1-],0.000114000000053238,De novo fatty acid biosynthesis,mfn1v10path127,106,Matched.Compound,Adenosine monophosphate,1.28e-05,-1.39,FALSE,346.05571
426.02206,C00054,M-H [1-],6.40000000089458e-05,De novo fatty acid biosynthesis,mfn1v10path127,106,Matched.Compound,"Adenosine 3',5'-diphosphate",0.000785849,-1.11,FALSE,426.02206
766.1079,C00010,M-H [1-],2.39999999394058e-05,De novo fatty acid biosynthesis,mfn1v10path127,106,Matched.Compound,Coenzyme A,0.003192,-1.2,FALSE,766.1079
808.11823,C00024,M-H [1-],0.000293999999939842,De novo fatty acid biosynthesis,mfn1v10path127,106,Matched.Compound,Acetyl-CoA,0.001821828,-0.79,FALSE,808.11823
279.23295,C01595,M-H [1-],2.59999999911997e-05,Di-unsaturated fatty acid beta-oxidation,mfn1v10path128,26,Matched.Compound,Linoleic acid,0.334212692,1.13,FALSE,279.23295
346.05571,C00020,M-H [1-],0.000114000000053238,Di-unsaturated fatty acid beta-oxidation,mfn1v10path128,26,Matched.Compound,Adenosine monophosphate,1.28e-05,-1.39,FALSE,346.05571
766.1079,C00010,M-H [1-],2.39999999394058e-05,Di-unsaturated fatty acid beta-oxidation,mfn1v10path128,26,Matched.Compound,Coenzyme A,0.003192,-1.2,FALSE,766.1079
784.1499,C00016,M-H [1-],7.60000000354921e-05,Di-unsaturated fatty acid beta-oxidation,mfn1v10path128,26,Matched.Compound,FAD,0.0003438,-1.11,FALSE,784.1499
808.11823,C00024,M-H [1-],0.000293999999939842,Di-unsaturated fatty acid beta-oxidation,mfn1v10path128,26,Matched.Compound,Acetyl-CoA,0.001821828,-0.79,FALSE,808.11823
766.1079,C00010,M-H [1-],2.39999999394058e-05,Dimethyl-branched-chain fatty acid mitochondrial beta-oxidation,mfn1v10path129,19,Matched.Compound,Coenzyme A,0.003192,-1.2,FALSE,766.1079
784.1499,C00016,M-H [1-],7.60000000354921e-05,Dimethyl-branched-chain fatty acid mitochondrial beta-oxidation,mfn1v10path129,19,Matched.Compound,FAD,0.0003438,-1.11,FALSE,784.1499
808.11823,C00024,M-H [1-],0.000293999999939842,Dimethyl-branched-chain fatty acid mitochondrial beta-oxidation,mfn1v10path129,19,Matched.Compound,Acetyl-CoA,0.001821828,-0.79,FALSE,808.11823
836.14989,C00630,M-H [1-],6.60000000607397e-05,Dimethyl-branched-chain fatty acid mitochondrial beta-oxidation,mfn1v10path129,19,Matched.Compound,Isobutyryl-CoA,0.006668008,-0.7,FALSE,836.14989
176.07061,C16595,M-H2O+H [1+],3.35332299812308e-05,Drug metabolism - cytochrome P450,mfn1v10path130,53,Matched.Compound,"4-Hydroxy-5-phenyltetrahydro-1,3-oxazin-2-one",0.155668613,-1.04,TRUE,176.07061
176.07061,C16587,M-H2O+H [1+],3.35332299812308e-05,Drug metabolism - cytochrome P450,mfn1v10path130,53,Matched.Compound,3-Carbamoyl-2-phenylpropionaldehyde,0.155668613,-1.04,TRUE,176.07061
178.08625,C16586,M-H2O+H [1+],7.3533230022349e-05,Drug metabolism - cytochrome P450,mfn1v10path130,53,Matched.Compound,"2-Phenyl-1,3-propanediol monocarbamate",0.000183492,-0.67,TRUE,178.08625
192.06552,C16596,M+H [1+],4.40000000025975e-05,Drug metabolism - cytochrome P450,mfn1v10path130,53,Matched.Compound,"5-Phenyl-1,3-oxazinane-2,4-dione",0.000119191,3.2,TRUE,192.06552
192.06552,C16591,M-H2O+H [1+],4.35332299844049e-05,Drug metabolism - cytochrome P450,mfn1v10path130,53,Matched.Compound,3-Carbamoyl-2-phenylpropionic acid,0.000119191,3.2,TRUE,192.06552
192.06662,C16595,M-H [1-],4.00000001832268e-06,Drug metabolism - cytochrome P450,mfn1v10path130,53,Matched.Compound,"4-Hydroxy-5-phenyltetrahydro-1,3-oxazin-2-one",0.004070958,-0.74,FALSE,192.06662
192.06662,C16587,M-H [1-],4.00000001832268e-06,Drug metabolism - cytochrome P450,mfn1v10path130,53,Matched.Compound,3-Carbamoyl-2-phenylpropionaldehyde,0.004070958,-0.74,FALSE,192.06662
196.09682,C16586,M+H [1+],4.40000000310192e-05,Drug metabolism - cytochrome P450,mfn1v10path130,53,Matched.Compound,"2-Phenyl-1,3-propanediol monocarbamate",0.324171717,0.1,TRUE,196.09682
219.07751,C07501,M-H2O-H [1-],0.000499999999988177,Drug metabolism - cytochrome P450,mfn1v10path130,53,Matched.Compound,Felbamate,1.57e-07,5.74,FALSE,219.07751
255.09758,C16582,M+H [1+],3.99999998990097e-06,Drug metabolism - cytochrome P450,mfn1v10path130,53,Matched.Compound,2-Hydroxyfelbamate,1.02e-05,-1.41,TRUE,255.09758
255.09758,C16584,M+H [1+],3.99999998990097e-06,Drug metabolism - cytochrome P450,mfn1v10path130,53,Matched.Compound,p-Hydroxyfelbamate,1.02e-05,-1.41,TRUE,255.09758
278.09829,C16612,M-H2O+H [1+],0.00071353322999812,Drug metabolism - cytochrome P450,mfn1v10path130,53,Matched.Compound,Citalopram aldehyde,0.004355969,-1.28,TRUE,278.09829
458.18172,C16577,M-H2O+H [1+],0.000843533230010962,Drug metabolism - cytochrome P450,mfn1v10path130,53,Matched.Compound,Codeine-6-glucuronide,0.003370308,-0.62,TRUE,458.18172
117.06586,C16622,M+H [1+],1.60000000022364e-05,Drug metabolism - other enzymes,mfn1v10path131,31,Matched.Compound,"N,N'-Diacetylhydrazine",8.9e-05,-1.28,TRUE,117.06586
227.20165,C06424,M-H [1-],2.59999999911997e-05,Fatty acid activation,mfn1v10path135,74,Matched.Compound,Myristic acid,0.08003377,-3.48,FALSE,227.20165
255.23295,C00249,M-H [1-],2.5999999962778e-05,Fatty acid activation,mfn1v10path135,74,Matched.Compound,Palmitic acid,0.17605372,1.17,FALSE,255.23295
279.23295,C01595,M-H [1-],2.59999999911997e-05,Fatty acid activation,mfn1v10path135,74,Matched.Compound,Linoleic acid,0.334212692,1.13,FALSE,279.23295
281.2486,C01712,M-H [1-],2.39999999962492e-05,Fatty acid activation,mfn1v10path135,74,Matched.Compound,Elaidic acid,0.329750791,0.91,FALSE,281.2486
283.26422,C01530,M-H [1-],3.99999998990097e-06,Fatty acid activation,mfn1v10path135,74,Matched.Compound,Stearic acid,0.166858293,1.55,FALSE,283.26422
346.05571,C00020,M-H [1-],0.000114000000053238,Fatty acid activation,mfn1v10path135,74,Matched.Compound,Adenosine monophosphate,1.28e-05,-1.39,FALSE,346.05571
766.1079,C00010,M-H [1-],2.39999999394058e-05,Fatty acid activation,mfn1v10path135,74,Matched.Compound,Coenzyme A,0.003192,-1.2,FALSE,766.1079
784.1499,C00016,M-H [1-],7.60000000354921e-05,Fatty acid activation,mfn1v10path135,74,Matched.Compound,FAD,0.0003438,-1.11,FALSE,784.1499
808.11823,C00024,M-H [1-],0.000293999999939842,Fatty acid activation,mfn1v10path135,74,Matched.Compound,Acetyl-CoA,0.001821828,-0.79,FALSE,808.11823
836.14989,C00136,M-H [1-],6.60000000607397e-05,Fatty acid activation,mfn1v10path135,74,Matched.Compound,Butyryl-CoA,0.006668008,-0.7,FALSE,836.14989
162.11245,C00318,M+H [1+],2.59999999911997e-05,Fatty Acid Metabolism,mfn1v10path134,63,Matched.Compound,C00318,9.11e-05,-0.88,TRUE,162.11245
199.17035,C02679,M-H [1-],2.59999999911997e-05,Fatty Acid Metabolism,mfn1v10path134,63,Matched.Compound,Dodecanoic acid,0.552884979,0.17,FALSE,199.17035
227.20165,C06424,M-H [1-],2.59999999911997e-05,Fatty Acid Metabolism,mfn1v10path134,63,Matched.Compound,Myristic acid,0.08003377,-3.48,FALSE,227.20165
255.23295,C00249,M-H [1-],2.5999999962778e-05,Fatty Acid Metabolism,mfn1v10path134,63,Matched.Compound,Palmitic acid,0.17605372,1.17,FALSE,255.23295
279.23295,C01595,M-H [1-],2.59999999911997e-05,Fatty Acid Metabolism,mfn1v10path134,63,Matched.Compound,Linoleic acid,0.334212692,1.13,FALSE,279.23295
283.26422,C01530,M-H [1-],3.99999998990097e-06,Fatty Acid Metabolism,mfn1v10path134,63,Matched.Compound,Stearic acid,0.166858293,1.55,FALSE,283.26422
369.35159,C00187,M-H2O+H [1+],1.35332300033042e-05,Fatty Acid Metabolism,mfn1v10path134,63,Matched.Compound,Cholesterol,0.191911212,0.39,TRUE,369.35159
766.1079,C00010,M-H [1-],2.39999999394058e-05,Fatty Acid Metabolism,mfn1v10path134,63,Matched.Compound,Coenzyme A,0.003192,-1.2,FALSE,766.1079
808.11823,C00024,M-H [1-],0.000293999999939842,Fatty Acid Metabolism,mfn1v10path134,63,Matched.Compound,Acetyl-CoA,0.001821828,-0.79,FALSE,808.11823
766.1079,C00010,M-H [1-],2.39999999394058e-05,Fatty acid oxidation,mfn1v10path136,35,Matched.Compound,Coenzyme A,0.003192,-1.2,FALSE,766.1079
784.1499,C00016,M-H [1-],7.60000000354921e-05,Fatty acid oxidation,mfn1v10path136,35,Matched.Compound,FAD,0.0003438,-1.11,FALSE,784.1499
808.11823,C00024,M-H [1-],0.000293999999939842,Fatty acid oxidation,mfn1v10path136,35,Matched.Compound,Acetyl-CoA,0.001821828,-0.79,FALSE,808.11823
145.01429,C00026,M-H [1-],6.59999999754746e-05,"Fatty acid oxidation, peroxisome",mfn1v10path137,28,Matched.Compound,Oxoglutaric acid,1.02e-06,-1.31,FALSE,145.01429
766.1079,C00010,M-H [1-],2.39999999394058e-05,"Fatty acid oxidation, peroxisome",mfn1v10path137,28,Matched.Compound,Coenzyme A,0.003192,-1.2,FALSE,766.1079
808.11823,C00024,M-H [1-],0.000293999999939842,"Fatty acid oxidation, peroxisome",mfn1v10path137,28,Matched.Compound,Acetyl-CoA,0.001821828,-0.79,FALSE,808.11823
168.99075,C00661,M-H [1-],2.59999999911997e-05,Fructose and mannose metabolism,mfn1v10path138,33,Matched.Compound,C00661,0.916146696,0.07,FALSE,168.99075
168.99075,C00111,M-H [1-],2.59999999911997e-05,Fructose and mannose metabolism,mfn1v10path138,33,Matched.Compound,Dihydroxyacetone phosphate,0.916146696,0.07,FALSE,168.99075
179.0561,C00031,M-H [1-],2.4000000024671e-05,Fructose and mannose metabolism,mfn1v10path138,33,Matched.Compound,D-Glucose,5.03e-05,-1.3,FALSE,179.0561
179.0561,C00267,M-H [1-],2.4000000024671e-05,Fructose and mannose metabolism,mfn1v10path138,33,Matched.Compound,alpha-D-Glucose,5.03e-05,-1.3,FALSE,179.0561
179.0561,C00095,M-H [1-],2.4000000024671e-05,Fructose and mannose metabolism,mfn1v10path138,33,Matched.Compound,D-Fructose,5.03e-05,-1.3,FALSE,179.0561
179.0561,C00159,M-H [1-],2.4000000024671e-05,Fructose and mannose metabolism,mfn1v10path138,33,Matched.Compound,D-Mannose,5.03e-05,-1.3,FALSE,179.0561
179.05612,C00031,M-H [1-],4.00000001832268e-06,Fructose and mannose metabolism,mfn1v10path138,33,Matched.Compound,D-Glucose,0.278443464,-0.46,FALSE,179.05612
179.05612,C00267,M-H [1-],4.00000001832268e-06,Fructose and mannose metabolism,mfn1v10path138,33,Matched.Compound,alpha-D-Glucose,0.278443464,-0.46,FALSE,179.05612
179.05612,C00095,M-H [1-],4.00000001832268e-06,Fructose and mannose metabolism,mfn1v10path138,33,Matched.Compound,D-Fructose,0.278443464,-0.46,FALSE,179.05612
179.05612,C00159,M-H [1-],4.00000001832268e-06,Fructose and mannose metabolism,mfn1v10path138,33,Matched.Compound,D-Mannose,0.278443464,-0.46,FALSE,179.05612
218.06701,CE2847,M-H2O-H [1-],0.000548158600025772,Fructose and mannose metabolism,mfn1v10path138,33,Matched.Compound,CE2847,0.611713715,-0.03,FALSE,218.06701
241.01188,CE3075,M-H2O-H [1-],0.000546000000014146,Fructose and mannose metabolism,mfn1v10path138,33,Matched.Compound,CE3075,0.000152822,-1.33,FALSE,241.01188
241.01188,C00275,M-H2O-H [1-],0.000570000000010396,Fructose and mannose metabolism,mfn1v10path138,33,Matched.Compound,Mannose 6-phosphate,0.000152822,-1.33,FALSE,241.01188
241.01188,C05345,M-H2O-H [1-],0.000570000000010396,Fructose and mannose metabolism,mfn1v10path138,33,Matched.Compound,Beta-D-Fructose 6-phosphate,0.000152822,-1.33,FALSE,241.01188
241.01188,C01094,M-H2O-H [1-],0.000570000000010396,Fructose and mannose metabolism,mfn1v10path138,33,Matched.Compound,"3a,6b,7a,12a-Tetrahydroxy-5b-cholanoic acid",0.000152822,-1.33,FALSE,241.01188
241.01188,C00085,M-H2O-H [1-],0.000570000000010396,Fructose and mannose metabolism,mfn1v10path138,33,Matched.Compound,Fructose 6-phosphate,0.000152822,-1.33,FALSE,241.01188
241.01188,C00636,M-H2O-H [1-],0.000570000000010396,Fructose and mannose metabolism,mfn1v10path138,33,Matched.Compound,D-Mannose 1-phosphate,0.000152822,-1.33,FALSE,241.01188
243.02751,C02985,M-H [1-],1.39999999930751e-05,Fructose and mannose metabolism,mfn1v10path138,33,Matched.Compound,Fucose 1-phosphate,0.002063744,-0.7,FALSE,243.02751
259.02136,CE3074,M+H [1+],1.50000000189721e-05,Fructose and mannose metabolism,mfn1v10path138,33,Matched.Compound,CE3074,0.004126364,-1.94,TRUE,259.02136
259.02242,CE3075,M-H [1-],2.79999999861502e-05,Fructose and mannose metabolism,mfn1v10path138,33,Matched.Compound,CE3075,2.14e-06,-1.85,FALSE,259.02242
259.02242,C00275,M-H [1-],3.99999998990097e-06,Fructose and mannose metabolism,mfn1v10path138,33,Matched.Compound,Mannose 6-phosphate,2.14e-06,-1.85,FALSE,259.02242
259.02242,C05345,M-H [1-],3.99999998990097e-06,Fructose and mannose metabolism,mfn1v10path138,33,Matched.Compound,Beta-D-Fructose 6-phosphate,2.14e-06,-1.85,FALSE,259.02242
259.02242,C02976,M-H [1-],3.99999998990097e-06,Fructose and mannose metabolism,mfn1v10path138,33,Matched.Compound,C02976,2.14e-06,-1.85,FALSE,259.02242
259.02242,C01094,M-H [1-],3.99999998990097e-06,Fructose and mannose metabolism,mfn1v10path138,33,Matched.Compound,"3a,6b,7a,12a-Tetrahydroxy-5b-cholanoic acid",2.14e-06,-1.85,FALSE,259.02242
259.02242,C00085,M-H [1-],3.99999998990097e-06,Fructose and mannose metabolism,mfn1v10path138,33,Matched.Compound,Fructose 6-phosphate,2.14e-06,-1.85,FALSE,259.02242
259.02242,C00636,M-H [1-],3.99999998990097e-06,Fructose and mannose metabolism,mfn1v10path138,33,Matched.Compound,D-Mannose 1-phosphate,2.14e-06,-1.85,FALSE,259.02242
259.02243,CE3075,M-H [1-],1.80000000113978e-05,Fructose and mannose metabolism,mfn1v10path138,33,Matched.Compound,CE3075,0.312254134,-0.36,FALSE,259.02243
259.02243,C00275,M-H [1-],5.99999998485146e-06,Fructose and mannose metabolism,mfn1v10path138,33,Matched.Compound,Mannose 6-phosphate,0.312254134,-0.36,FALSE,259.02243
259.02243,C05345,M-H [1-],5.99999998485146e-06,Fructose and mannose metabolism,mfn1v10path138,33,Matched.Compound,Beta-D-Fructose 6-phosphate,0.312254134,-0.36,FALSE,259.02243
259.02243,C02976,M-H [1-],5.99999998485146e-06,Fructose and mannose metabolism,mfn1v10path138,33,Matched.Compound,C02976,0.312254134,-0.36,FALSE,259.02243
259.02243,C01094,M-H [1-],5.99999998485146e-06,Fructose and mannose metabolism,mfn1v10path138,33,Matched.Compound,"3a,6b,7a,12a-Tetrahydroxy-5b-cholanoic acid",0.312254134,-0.36,FALSE,259.02243
259.02243,C00085,M-H [1-],5.99999998485146e-06,Fructose and mannose metabolism,mfn1v10path138,33,Matched.Compound,Fructose 6-phosphate,0.312254134,-0.36,FALSE,259.02243
259.02243,C00636,M-H [1-],5.99999998485146e-06,Fructose and mannose metabolism,mfn1v10path138,33,Matched.Compound,D-Mannose 1-phosphate,0.312254134,-0.36,FALSE,259.02243
338.98866,C05378,M-H [1-],6.40000000089458e-05,Fructose and mannose metabolism,mfn1v10path138,33,Matched.Compound,"beta-D-Fructose 1,6-bisphosphate",7.79e-05,-1.11,FALSE,338.98866
338.98866,C00354,M-H [1-],6.40000000089458e-05,Fructose and mannose metabolism,mfn1v10path138,33,Matched.Compound,"Fructose 1,6-bisphosphate",7.79e-05,-1.11,FALSE,338.98866
338.98866,C03693,M-H [1-],6.40000000089458e-05,Fructose and mannose metabolism,mfn1v10path138,33,Matched.Compound,C03693,7.79e-05,-1.11,FALSE,338.98866
338.98866,C00665,M-H [1-],6.40000000089458e-05,Fructose and mannose metabolism,mfn1v10path138,33,Matched.Compound,"D-Fructose 2,6-bisphosphate",7.79e-05,-1.11,FALSE,338.98866
442.01703,C00035,M-H [1-],5.99999998485146e-06,Fructose and mannose metabolism,mfn1v10path138,33,Matched.Compound,Guanosine diphosphate,3.77e-05,-1.1,FALSE,442.01703
521.98338,C00044,M-H [1-],4.39999998889107e-05,Fructose and mannose metabolism,mfn1v10path138,33,Matched.Compound,Guanosine triphosphate,0.00081538,-0.93,FALSE,521.98338
586.05929,C00096,M-H2O-H [1-],0.000480000000038672,Fructose and mannose metabolism,mfn1v10path138,33,Matched.Compound,Guanosine diphosphate mannose,0.099844735,-1.34,FALSE,586.05929
586.05929,C14830,M-H [1-],3.39999999141583e-05,Fructose and mannose metabolism,mfn1v10path138,33,Matched.Compound,C14830,0.099844735,-1.34,FALSE,586.05929
586.05929,C01222,M-H [1-],3.39999999141583e-05,Fructose and mannose metabolism,mfn1v10path138,33,Matched.Compound,GDP-4-Dehydro-6-deoxy-D-mannose,0.099844735,-1.34,FALSE,586.05929
588.07495,C00325,M-H [1-],2.60000000480431e-05,Fructose and mannose metabolism,mfn1v10path138,33,Matched.Compound,GDP-L-fucose,1.29e-05,-1.17,FALSE,588.07495
604.06993,C00096,M-H [1-],6.00000009853829e-06,Fructose and mannose metabolism,mfn1v10path138,33,Matched.Compound,Guanosine diphosphate mannose,0.234610334,-0.21,FALSE,604.06993
89.02442,C00577,M-H [1-],3.99999998990097e-06,Fructose and mannose metabolism,mfn1v10path138,33,Matched.Compound,D-Glyceraldehyde,0.000240254,-1.22,FALSE,89.02442
168.99075,C00111,M-H [1-],2.59999999911997e-05,Galactose metabolism,mfn1v10path139,41,Matched.Compound,Dihydroxyacetone phosphate,0.916146696,0.07,FALSE,168.99075
179.0561,C00031,M-H [1-],2.4000000024671e-05,Galactose metabolism,mfn1v10path139,41,Matched.Compound,D-Glucose,5.03e-05,-1.3,FALSE,179.0561
179.0561,C00221,M-H [1-],2.4000000024671e-05,Galactose metabolism,mfn1v10path139,41,Matched.Compound,beta-D-Glucose,5.03e-05,-1.3,FALSE,179.0561
179.0561,C02336,M-H [1-],2.4000000024671e-05,Galactose metabolism,mfn1v10path139,41,Matched.Compound,beta-D-Fructose,5.03e-05,-1.3,FALSE,179.0561
179.0561,C00267,M-H [1-],2.4000000024671e-05,Galactose metabolism,mfn1v10path139,41,Matched.Compound,alpha-D-Glucose,5.03e-05,-1.3,FALSE,179.0561
179.0561,C00095,M-H [1-],2.4000000024671e-05,Galactose metabolism,mfn1v10path139,41,Matched.Compound,D-Fructose,5.03e-05,-1.3,FALSE,179.0561
179.0561,C00795,M-H [1-],2.4000000024671e-05,Galactose metabolism,mfn1v10path139,41,Matched.Compound,D-Tagatose,5.03e-05,-1.3,FALSE,179.0561
179.0561,C00124,M-H [1-],2.4000000024671e-05,Galactose metabolism,mfn1v10path139,41,Matched.Compound,D-Galactose,5.03e-05,-1.3,FALSE,179.0561
179.0561,C00159,M-H [1-],2.4000000024671e-05,Galactose metabolism,mfn1v10path139,41,Matched.Compound,D-Mannose,5.03e-05,-1.3,FALSE,179.0561
179.05612,C00031,M-H [1-],4.00000001832268e-06,Galactose metabolism,mfn1v10path139,41,Matched.Compound,D-Glucose,0.278443464,-0.46,FALSE,179.05612
179.05612,C00221,M-H [1-],4.00000001832268e-06,Galactose metabolism,mfn1v10path139,41,Matched.Compound,beta-D-Glucose,0.278443464,-0.46,FALSE,179.05612
179.05612,C02336,M-H [1-],4.00000001832268e-06,Galactose metabolism,mfn1v10path139,41,Matched.Compound,beta-D-Fructose,0.278443464,-0.46,FALSE,179.05612
179.05612,C00267,M-H [1-],4.00000001832268e-06,Galactose metabolism,mfn1v10path139,41,Matched.Compound,alpha-D-Glucose,0.278443464,-0.46,FALSE,179.05612
179.05612,C00095,M-H [1-],4.00000001832268e-06,Galactose metabolism,mfn1v10path139,41,Matched.Compound,D-Fructose,0.278443464,-0.46,FALSE,179.05612
179.05612,C00795,M-H [1-],4.00000001832268e-06,Galactose metabolism,mfn1v10path139,41,Matched.Compound,D-Tagatose,0.278443464,-0.46,FALSE,179.05612
179.05612,C00124,M-H [1-],4.00000001832268e-06,Galactose metabolism,mfn1v10path139,41,Matched.Compound,D-Galactose,0.278443464,-0.46,FALSE,179.05612
179.05612,C00159,M-H [1-],4.00000001832268e-06,Galactose metabolism,mfn1v10path139,41,Matched.Compound,D-Mannose,0.278443464,-0.46,FALSE,179.05612
241.01188,C00103,M-H2O-H [1-],0.000570000000010396,Galactose metabolism,mfn1v10path139,41,Matched.Compound,Glucose 1-phosphate,0.000152822,-1.33,FALSE,241.01188
241.01188,C01097,M-H2O-H [1-],0.000570000000010396,Galactose metabolism,mfn1v10path139,41,Matched.Compound,D-Tagatose 6-phosphate,0.000152822,-1.33,FALSE,241.01188
241.01188,C00446,M-H2O-H [1-],0.000570000000010396,Galactose metabolism,mfn1v10path139,41,Matched.Compound,Galactose 1-phosphate,0.000152822,-1.33,FALSE,241.01188
253.09289,C05401,M-H [1-],3.39999999994234e-05,Galactose metabolism,mfn1v10path139,41,Matched.Compound,Galactosylglycerol,6.79e-07,-2.16,FALSE,253.09289
259.02136,tag1p-D,M+H [1+],1.50000000189721e-05,Galactose metabolism,mfn1v10path139,41,Matched.Compound,tag1p-D,0.004126364,-1.94,TRUE,259.02136
259.02242,C00103,M-H [1-],3.99999998990097e-06,Galactose metabolism,mfn1v10path139,41,Matched.Compound,Glucose 1-phosphate,2.14e-06,-1.85,FALSE,259.02242
259.02242,C01097,M-H [1-],3.99999998990097e-06,Galactose metabolism,mfn1v10path139,41,Matched.Compound,D-Tagatose 6-phosphate,2.14e-06,-1.85,FALSE,259.02242
259.02242,C00446,M-H [1-],3.99999998990097e-06,Galactose metabolism,mfn1v10path139,41,Matched.Compound,Galactose 1-phosphate,2.14e-06,-1.85,FALSE,259.02242
259.02243,C00103,M-H [1-],5.99999998485146e-06,Galactose metabolism,mfn1v10path139,41,Matched.Compound,Glucose 1-phosphate,0.312254134,-0.36,FALSE,259.02243
259.02243,C01097,M-H [1-],5.99999998485146e-06,Galactose metabolism,mfn1v10path139,41,Matched.Compound,D-Tagatose 6-phosphate,0.312254134,-0.36,FALSE,259.02243
259.02243,C00446,M-H [1-],5.99999998485146e-06,Galactose metabolism,mfn1v10path139,41,Matched.Compound,Galactose 1-phosphate,0.312254134,-0.36,FALSE,259.02243
338.98866,C03785,M-H [1-],6.40000000089458e-05,Galactose metabolism,mfn1v10path139,41,Matched.Compound,"D-Tagatose 1,6-bisphosphate",7.79e-05,-1.11,FALSE,338.98866
341.10885,C00243,M-H [1-],7.39999999836982e-05,Galactose metabolism,mfn1v10path139,41,Matched.Compound,Alpha-Lactose,1.01e-05,-3.47,FALSE,341.10885
341.10885,C00089,M-H [1-],7.39999999836982e-05,Galactose metabolism,mfn1v10path139,41,Matched.Compound,Sucrose,1.01e-05,-3.47,FALSE,341.10885
341.10885,C05400,M-H [1-],7.39999999836982e-05,Galactose metabolism,mfn1v10path139,41,Matched.Compound,Epimelibiose,1.01e-05,-3.47,FALSE,341.10885
341.10885,C05402,M-H [1-],7.39999999836982e-05,Galactose metabolism,mfn1v10path139,41,Matched.Compound,Melibiose,1.01e-05,-3.47,FALSE,341.10885
343.12352,C00243,M+H [1+],4.40000000025975e-05,Galactose metabolism,mfn1v10path139,41,Matched.Compound,Alpha-Lactose,0.167926245,-0.65,TRUE,343.12352
343.12352,C00089,M+H [1+],4.40000000025975e-05,Galactose metabolism,mfn1v10path139,41,Matched.Compound,Sucrose,0.167926245,-0.65,TRUE,343.12352
343.12352,C05400,M+H [1+],4.40000000025975e-05,Galactose metabolism,mfn1v10path139,41,Matched.Compound,Epimelibiose,0.167926245,-0.65,TRUE,343.12352
343.12352,C05402,M+H [1+],4.40000000025975e-05,Galactose metabolism,mfn1v10path139,41,Matched.Compound,Melibiose,0.167926245,-0.65,TRUE,343.12352
402.01086,C00112,M-H [1-],6.40000000089458e-05,Galactose metabolism,mfn1v10path139,41,Matched.Compound,CDP,0.002594529,-0.75,FALSE,402.01086
402.99482,C00015,M-H [1-],0.000104000000021642,Galactose metabolism,mfn1v10path139,41,Matched.Compound,Uridine 5'-diphosphate,0.000392552,-1.05,FALSE,402.99482
481.97723,C00063,M-H [1-],5.99999998485146e-06,Galactose metabolism,mfn1v10path139,41,Matched.Compound,Cytidine triphosphate,0.003579543,-0.5,FALSE,481.97723
482.96114,C00075,M-H [1-],8.40000000152941e-05,Galactose metabolism,mfn1v10path139,41,Matched.Compound,Uridine triphosphate,0.002859797,-0.86,FALSE,482.96114
565.04754,C00029,M-H [1-],0.000183999999876505,Galactose metabolism,mfn1v10path139,41,Matched.Compound,Uridine diphosphate glucose,0.000220563,-0.69,FALSE,565.04754
565.04754,C00052,M-H [1-],0.000183999999876505,Galactose metabolism,mfn1v10path139,41,Matched.Compound,Uridine diphosphategalactose,0.000220563,-0.69,FALSE,565.04754
665.21451,C01613,M-H [1-],0.000113999999939551,Galactose metabolism,mfn1v10path139,41,Matched.Compound,Stachyose,2.31e-05,-4.13,FALSE,665.21451
89.02442,C00577,M-H [1-],3.99999998990097e-06,Galactose metabolism,mfn1v10path139,41,Matched.Compound,D-Glyceraldehyde,0.000240254,-1.22,FALSE,89.02442
104.07061,C00334,M+H [1+],3.39999999994234e-05,Glutamate metabolism,mfn1v10path141,15,Matched.Compound,gamma-Aminobutyric acid,0.001126831,-0.29,TRUE,104.07061
145.01429,C00026,M-H [1-],6.59999999754746e-05,Glutamate metabolism,mfn1v10path141,15,Matched.Compound,Oxoglutaric acid,1.02e-06,-1.31,FALSE,145.01429
146.04588,C00025,M-H [1-],4.40000000025975e-05,Glutamate metabolism,mfn1v10path141,15,Matched.Compound,Glutamic acid,0.000116605,1.04,FALSE,146.04588
147.07642,C00064,M+H [1+],4.40000000310192e-05,Glutamate metabolism,mfn1v10path141,15,Matched.Compound,Glutamine,0.854322998,0.14,TRUE,147.07642
148.06045,C00025,M+H [1+],2.59999999911997e-05,Glutamate metabolism,mfn1v10path141,15,Matched.Compound,Glutamic acid,0.001100992,-0.39,TRUE,148.06045
251.0696,C00669,M+H [1+],2.4000000024671e-05,Glutamate metabolism,mfn1v10path141,15,Matched.Compound,gamma-Glutamylcysteine,0.392835338,-1.02,TRUE,251.0696
251.06965,C00669,M+H [1+],7.40000000121199e-05,Glutamate metabolism,mfn1v10path141,15,Matched.Compound,gamma-Glutamylcysteine,0.060767024,-1.85,TRUE,251.06965
306.07649,C00051,M-H [1-],3.40000000278451e-05,Glutamate metabolism,mfn1v10path141,15,Matched.Compound,Glutathione,3.87e-05,-1.43,FALSE,306.07649
613.15941,C00127,M+H [1+],0.000133999999889056,Glutamate metabolism,mfn1v10path141,15,Matched.Compound,Oxidized glutathione,5.47e-05,-1.8,TRUE,613.15941
613.15942,C00127,M+H [1+],0.000143999999863809,Glutamate metabolism,mfn1v10path141,15,Matched.Compound,Oxidized glutathione,0.01612591,-0.75,TRUE,613.15942
86.06002,C00334,M-H2O+H [1+],4.35332299986158e-05,Glutamate metabolism,mfn1v10path141,15,Matched.Compound,gamma-Aminobutyric acid,0.009943585,-0.68,TRUE,86.06002
87.00877,C00022,M-H [1-],4.5999999997548e-05,Glutamate metabolism,mfn1v10path141,15,Matched.Compound,Pyruvic acid,0.000431622,-1.44,FALSE,87.00877
90.05493,C00041,M+H [1+],4.60000000117589e-05,Glutamate metabolism,mfn1v10path141,15,Matched.Compound,L-Alanine,0.00111173,-0.63,TRUE,90.05493
90.05495,C00041,M+H [1+],2.60000000054106e-05,Glutamate metabolism,mfn1v10path141,15,Matched.Compound,L-Alanine,1.18e-07,-1.06,TRUE,90.05495
128.03531,C01879,M-H [1-],1.39999999930751e-05,Glutathione Metabolism,mfn1v10path142,19,Matched.Compound,Pyroglutamic acid,0.002510792,-0.68,FALSE,128.03531
146.04588,C00025,M-H [1-],4.40000000025975e-05,Glutathione Metabolism,mfn1v10path142,19,Matched.Compound,Glutamic acid,0.000116605,1.04,FALSE,146.04588
148.06045,C00025,M+H [1+],2.59999999911997e-05,Glutathione Metabolism,mfn1v10path142,19,Matched.Compound,Glutamic acid,0.001100992,-0.39,TRUE,148.06045
199.07241,C03740,M-H2O-H [1-],0.000528429699983235,Glutathione Metabolism,mfn1v10path142,19,Matched.Compound,gamma-Glutamylalanine,0.041243729,-1,FALSE,199.07241
217.08303,C03740,M-H [1-],3.44296999799099e-05,Glutathione Metabolism,mfn1v10path142,19,Matched.Compound,gamma-Glutamylalanine,0.728150735,0.19,FALSE,217.08303
219.09754,C03740,M+H [1+],7.57029999931547e-06,Glutathione Metabolism,mfn1v10path142,19,Matched.Compound,gamma-Glutamylalanine,6.21e-07,-1.96,TRUE,219.09754
251.0696,C00669,M+H [1+],2.4000000024671e-05,Glutathione Metabolism,mfn1v10path142,19,Matched.Compound,gamma-Glutamylcysteine,0.392835338,-1.02,TRUE,251.0696
251.06965,C00669,M+H [1+],7.40000000121199e-05,Glutathione Metabolism,mfn1v10path142,19,Matched.Compound,gamma-Glutamylcysteine,0.060767024,-1.85,TRUE,251.06965
306.07649,C00051,M-H [1-],3.40000000278451e-05,Glutathione Metabolism,mfn1v10path142,19,Matched.Compound,Glutathione,3.87e-05,-1.43,FALSE,306.07649
613.15941,C00127,M+H [1+],0.000133999999889056,Glutathione Metabolism,mfn1v10path142,19,Matched.Compound,Oxidized glutathione,5.47e-05,-1.8,TRUE,613.15941
613.15942,C00127,M+H [1+],0.000143999999863809,Glutathione Metabolism,mfn1v10path142,19,Matched.Compound,Oxidized glutathione,0.01612591,-0.75,TRUE,613.15942
76.03932,C00037,M+H [1+],4.40000000025975e-05,Glutathione Metabolism,mfn1v10path142,19,Matched.Compound,Glycine,0.326905645,-0.13,TRUE,76.03932
90.05493,C00041,M+H [1+],4.60000000117589e-05,Glutathione Metabolism,mfn1v10path142,19,Matched.Compound,L-Alanine,0.00111173,-0.63,TRUE,90.05493
90.05495,C00041,M+H [1+],2.60000000054106e-05,Glutathione Metabolism,mfn1v10path142,19,Matched.Compound,L-Alanine,1.18e-07,-1.06,TRUE,90.05495
104.03532,C00065,M-H [1-],3.99999998990097e-06,Glycerophospholipid metabolism,mfn1v10path144,156,Matched.Compound,Serine,0.497848408,0.16,FALSE,104.03532
133.05064,CE0520,M-H [1-],8.99999997727718e-06,Glycerophospholipid metabolism,mfn1v10path144,156,Matched.Compound,CE0520,0.002262354,-0.7,FALSE,133.05064
168.99075,C00111,M-H [1-],2.59999999911997e-05,Glycerophospholipid metabolism,mfn1v10path144,156,Matched.Compound,Dihydroxyacetone phosphate,0.916146696,0.07,FALSE,168.99075
171.0064,C00093,M-H [1-],2.39999999962492e-05,Glycerophospholipid metabolism,mfn1v10path144,156,Matched.Compound,Glycerol 3-phosphate,0.02056121,-0.52,FALSE,171.0064
171.00641,C00093,M-H [1-],1.40000000214968e-05,Glycerophospholipid metabolism,mfn1v10path144,156,Matched.Compound,Glycerol 3-phosphate,4.84e-06,2.38,FALSE,171.00641
179.0561,C01582,M-H [1-],2.4000000024671e-05,Glycerophospholipid metabolism,mfn1v10path144,156,Matched.Compound,C01582,5.03e-05,-1.3,FALSE,179.0561
179.0561,C00137,M-H [1-],2.4000000024671e-05,Glycerophospholipid metabolism,mfn1v10path144,156,Matched.Compound,myo-Inositol,5.03e-05,-1.3,FALSE,179.0561
179.05612,C01582,M-H [1-],4.00000001832268e-06,Glycerophospholipid metabolism,mfn1v10path144,156,Matched.Compound,C01582,0.278443464,-0.46,FALSE,179.05612
179.05612,C00137,M-H [1-],4.00000001832268e-06,Glycerophospholipid metabolism,mfn1v10path144,156,Matched.Compound,myo-Inositol,0.278443464,-0.46,FALSE,179.05612
216.06314,C01233,M+H [1+],3.59999999943739e-05,Glycerophospholipid metabolism,mfn1v10path144,156,Matched.Compound,Glycerylphosphorylethanolamine,1.56e-05,1.65,TRUE,216.06314
241.01188,C01177,M-H2O-H [1-],0.000570000000010396,Glycerophospholipid metabolism,mfn1v10path144,156,Matched.Compound,myo-Inositol 6-phosphate,0.000152822,-1.33,FALSE,241.01188
253.09289,C05401,M-H [1-],3.39999999994234e-05,Glycerophospholipid metabolism,mfn1v10path144,156,Matched.Compound,Galactosylglycerol,6.79e-07,-2.16,FALSE,253.09289
259.02136,C06893,M+H [1+],1.59999999596039e-05,Glycerophospholipid metabolism,mfn1v10path144,156,Matched.Compound,2-Deoxy-5-keto-D-gluconic acid 6-phosphate,0.004126364,-1.94,TRUE,259.02136
259.02242,C01177,M-H [1-],3.99999998990097e-06,Glycerophospholipid metabolism,mfn1v10path144,156,Matched.Compound,myo-Inositol 6-phosphate,2.14e-06,-1.85,FALSE,259.02242
259.02243,C01177,M-H [1-],5.99999998485146e-06,Glycerophospholipid metabolism,mfn1v10path144,156,Matched.Compound,myo-Inositol 6-phosphate,0.312254134,-0.36,FALSE,259.02243
279.23295,C01595,M-H [1-],2.59999999911997e-05,Glycerophospholipid metabolism,mfn1v10path144,156,Matched.Compound,Linoleic acid,0.334212692,1.13,FALSE,279.23295
282.27915,C00319,M-H2O+H [1+],7.3533230022349e-05,Glycerophospholipid metabolism,mfn1v10path144,156,Matched.Compound,Sphingosine,0.000425997,0.91,TRUE,282.27915
302.3054,C00836,M+H [1+],2.40000000530927e-05,Glycerophospholipid metabolism,mfn1v10path144,156,Matched.Compound,Sphinganine,0.003516184,0.82,TRUE,302.3054
304.03401,C00055,M-H2O-H [1-],0.00050000000004502,Glycerophospholipid metabolism,mfn1v10path144,156,Matched.Compound,Cytidine monophosphate,0.139681717,-0.47,FALSE,304.03401
333.05926,C01225,M-H [1-],3.59999999659522e-05,Glycerophospholipid metabolism,mfn1v10path144,156,Matched.Compound,Glycerophosphoinositol,4.83e-05,-1.06,FALSE,333.05926
369.35159,C00187,M-H2O+H [1+],1.35332300033042e-05,Glycerophospholipid metabolism,mfn1v10path144,156,Matched.Compound,Cholesterol,0.191911212,0.39,TRUE,369.35159
399.14455,C00019,M+H [1+],7.39999999836982e-05,Glycerophospholipid metabolism,mfn1v10path144,156,Matched.Compound,S-Adenosylmethionine,3e-05,-0.82,TRUE,399.14455
445.05305,C00570,M-H [1-],7.40000000405416e-05,Glycerophospholipid metabolism,mfn1v10path144,156,Matched.Compound,CDP-ethanolamine,1.2e-05,1.73,FALSE,445.05305
481.97723,C00063,M-H [1-],5.99999998485146e-06,Glycerophospholipid metabolism,mfn1v10path144,156,Matched.Compound,Cytidine triphosphate,0.003579543,-0.5,FALSE,481.97723
489.11474,C00307,M+H [1+],0.000163999999983844,Glycerophospholipid metabolism,mfn1v10path144,156,Matched.Compound,Citicoline,0.030281866,0.36,TRUE,489.11474
508.37621,C04230,M+H [1+],5.90188000160197e-05,Glycerophospholipid metabolism,mfn1v10path144,156,Matched.Compound,LysoPC(18:1/0:0),0.051019828,0.55,TRUE,508.37621
508.37623,C04230,M+H [1+],7.90188000223679e-05,Glycerophospholipid metabolism,mfn1v10path144,156,Matched.Compound,LysoPC(18:1/0:0),0.155926722,-0.29,TRUE,508.37623
510.39185,C04317,M+H [1+],4.89546000039809e-05,Glycerophospholipid metabolism,mfn1v10path144,156,Matched.Compound,LysoPC(O-18:0/0:0),0.972521613,0.03,TRUE,510.39185
550.38689,C04598,M+H [1+],0.000174332499909724,Glycerophospholipid metabolism,mfn1v10path144,156,Matched.Compound,PC(18:1(9Z)e/2:0),1.64e-05,1.43,TRUE,550.38689
676.52858,C04756,M+H [1+],0.00101375469989762,Glycerophospholipid metabolism,mfn1v10path144,156,Matched.Compound,PE(P-16:0/16:0),0.033520408,-0.54,TRUE,676.52858
766.1079,C00010,M-H [1-],2.39999999394058e-05,Glycerophospholipid metabolism,mfn1v10path144,156,Matched.Compound,Coenzyme A,0.003192,-1.2,FALSE,766.1079
808.11823,C00024,M-H [1-],0.000293999999939842,Glycerophospholipid metabolism,mfn1v10path144,156,Matched.Compound,Acetyl-CoA,0.001821828,-0.79,FALSE,808.11823
87.00877,C00222,M-H [1-],4.5999999997548e-05,Glycerophospholipid metabolism,mfn1v10path144,156,Matched.Compound,Malonic semialdehyde,0.000431622,-1.44,FALSE,87.00877
89.02442,C00577,M-H [1-],3.99999998990097e-06,Glycerophospholipid metabolism,mfn1v10path144,156,Matched.Compound,D-Glyceraldehyde,0.000240254,-1.22,FALSE,89.02442
89.02442,C00184,M-H [1-],3.99999998990097e-06,Glycerophospholipid metabolism,mfn1v10path144,156,Matched.Compound,Dihydroxyacetone,0.000240254,-1.22,FALSE,89.02442
104.03532,C00065,M-H [1-],3.99999998990097e-06,"Glycine, serine, alanine and threonine metabolism",mfn1v10path145,88,Matched.Compound,Serine,0.497848408,0.16,FALSE,104.03532
104.07061,C01026,M+H [1+],3.39999999994234e-05,"Glycine, serine, alanine and threonine metabolism",mfn1v10path145,88,Matched.Compound,Dimethylglycine,0.001126831,-0.29,TRUE,104.07061
114.06617,C00300,M-H2O+H [1+],6.46677000304408e-06,"Glycine, serine, alanine and threonine metabolism",mfn1v10path145,88,Matched.Compound,Creatine,0.011412968,-0.67,TRUE,114.06617
120.06552,C05519,M+H [1+],4.40000000025975e-05,"Glycine, serine, alanine and threonine metabolism",mfn1v10path145,88,Matched.Compound,L-Allothreonine,0.215067167,-0.22,TRUE,120.06552
120.06552,C00188,M+H [1+],4.40000000025975e-05,"Glycine, serine, alanine and threonine metabolism",mfn1v10path145,88,Matched.Compound,L-Threonine,0.215067167,-0.22,TRUE,120.06552
130.05097,C00430,M-H [1-],4.5999999997548e-05,"Glycine, serine, alanine and threonine metabolism",mfn1v10path145,88,Matched.Compound,5-Aminolevulinic acid,0.638338765,-0.13,FALSE,130.05097
130.05098,C00430,M-H [1-],5.60000000007221e-05,"Glycine, serine, alanine and threonine metabolism",mfn1v10path145,88,Matched.Compound,5-Aminolevulinic acid,0.172958473,0.22,FALSE,130.05098
132.06552,C00430,M+H [1+],4.40000000025975e-05,"Glycine, serine, alanine and threonine metabolism",mfn1v10path145,88,Matched.Compound,5-Aminolevulinic acid,0.974431175,0.13,TRUE,132.06552
132.07675,C00300,M+H [1+],2.59999999911997e-05,"Glycine, serine, alanine and threonine metabolism",mfn1v10path145,88,Matched.Compound,Creatine,5.05e-05,-0.96,TRUE,132.07675
145.01429,C00026,M-H [1-],6.59999999754746e-05,"Glycine, serine, alanine and threonine metabolism",mfn1v10path145,88,Matched.Compound,Oxoglutaric acid,1.02e-06,-1.31,FALSE,145.01429
146.04588,C00025,M-H [1-],4.40000000025975e-05,"Glycine, serine, alanine and threonine metabolism",mfn1v10path145,88,Matched.Compound,Glutamic acid,0.000116605,1.04,FALSE,146.04588
148.06045,C00025,M+H [1+],2.59999999911997e-05,"Glycine, serine, alanine and threonine metabolism",mfn1v10path145,88,Matched.Compound,Glutamic acid,0.001100992,-0.39,TRUE,148.06045
175.11894,C00062,M+H [1+],3.59999999943739e-05,"Glycine, serine, alanine and threonine metabolism",mfn1v10path145,88,Matched.Compound,L-Arginine,0.004878018,-1.01,TRUE,175.11894
184.98565,C00197,M-H [1-],2.59999999911997e-05,"Glycine, serine, alanine and threonine metabolism",mfn1v10path145,88,Matched.Compound,D-Glycerate 3-phosphate,0.24001025,-0.57,FALSE,184.98565
184.98566,C00197,M-H [1-],3.59999999943739e-05,"Glycine, serine, alanine and threonine metabolism",mfn1v10path145,88,Matched.Compound,D-Glycerate 3-phosphate,0.078323724,-0.42,FALSE,184.98566
188.05644,C00579,M-H2O-H [1-],0.000369999999975335,"Glycine, serine, alanine and threonine metabolism",mfn1v10path145,88,Matched.Compound,Dihydrolipoamide,0.024668127,-0.4,FALSE,188.05644
212.04312,C02305,M+H [1+],4.40000000025975e-05,"Glycine, serine, alanine and threonine metabolism",mfn1v10path145,88,Matched.Compound,Phosphocreatine,0.006114986,-0.56,TRUE,212.04312
306.07649,C00051,M-H [1-],3.40000000278451e-05,"Glycine, serine, alanine and threonine metabolism",mfn1v10path145,88,Matched.Compound,Glutathione,3.87e-05,-1.43,FALSE,306.07649
346.05571,C00020,M-H [1-],0.000114000000053238,"Glycine, serine, alanine and threonine metabolism",mfn1v10path145,88,Matched.Compound,Adenosine monophosphate,1.28e-05,-1.39,FALSE,346.05571
378.09756,C03451,M-H [1-],6.40000000089458e-05,"Glycine, serine, alanine and threonine metabolism",mfn1v10path145,88,Matched.Compound,S-Lactoylglutathione,0.005496127,-0.69,FALSE,378.09756
378.09759,C03451,M-H [1-],3.39999999710017e-05,"Glycine, serine, alanine and threonine metabolism",mfn1v10path145,88,Matched.Compound,S-Lactoylglutathione,0.271568219,-0.1,FALSE,378.09759
399.14455,C00019,M+H [1+],7.39999999836982e-05,"Glycine, serine, alanine and threonine metabolism",mfn1v10path145,88,Matched.Compound,S-Adenosylmethionine,3e-05,-0.82,TRUE,399.14455
76.03932,C00037,M+H [1+],4.40000000025975e-05,"Glycine, serine, alanine and threonine metabolism",mfn1v10path145,88,Matched.Compound,Glycine,0.326905645,-0.13,TRUE,76.03932
766.1079,C00010,M-H [1-],2.39999999394058e-05,"Glycine, serine, alanine and threonine metabolism",mfn1v10path145,88,Matched.Compound,Coenzyme A,0.003192,-1.2,FALSE,766.1079
784.1499,C00016,M-H [1-],7.60000000354921e-05,"Glycine, serine, alanine and threonine metabolism",mfn1v10path145,88,Matched.Compound,FAD,0.0003438,-1.11,FALSE,784.1499
808.11823,C00024,M-H [1-],0.000293999999939842,"Glycine, serine, alanine and threonine metabolism",mfn1v10path145,88,Matched.Compound,Acetyl-CoA,0.001821828,-0.79,FALSE,808.11823
836.14989,C00630,M-H [1-],6.60000000607397e-05,"Glycine, serine, alanine and threonine metabolism",mfn1v10path145,88,Matched.Compound,Isobutyryl-CoA,0.006668008,-0.7,FALSE,836.14989
852.18035,C02939,M+H [1+],0.000373999999965235,"Glycine, serine, alanine and threonine metabolism",mfn1v10path145,88,Matched.Compound,Isovaleryl-CoA,0.004861514,-1.82,TRUE,852.18035
852.18035,C01033,M+H [1+],0.000373999999965235,"Glycine, serine, alanine and threonine metabolism",mfn1v10path145,88,Matched.Compound,2-Methylbutyryl-CoA,0.004861514,-1.82,TRUE,852.18035
86.06002,C01026,M-H2O+H [1+],4.35332299986158e-05,"Glycine, serine, alanine and threonine metabolism",mfn1v10path145,88,Matched.Compound,Dimethylglycine,0.009943585,-0.68,TRUE,86.06002
87.00877,C00022,M-H [1-],4.5999999997548e-05,"Glycine, serine, alanine and threonine metabolism",mfn1v10path145,88,Matched.Compound,Pyruvic acid,0.000431622,-1.44,FALSE,87.00877
89.02442,C00256,M-H [1-],3.99999998990097e-06,"Glycine, serine, alanine and threonine metabolism",mfn1v10path145,88,Matched.Compound,D-Lactic acid,0.000240254,-1.22,FALSE,89.02442
90.05493,C00213,M+H [1+],4.60000000117589e-05,"Glycine, serine, alanine and threonine metabolism",mfn1v10path145,88,Matched.Compound,Sarcosine,0.00111173,-0.63,TRUE,90.05493
90.05493,C00041,M+H [1+],4.60000000117589e-05,"Glycine, serine, alanine and threonine metabolism",mfn1v10path145,88,Matched.Compound,L-Alanine,0.00111173,-0.63,TRUE,90.05493
90.05493,C00133,M+H [1+],4.60000000117589e-05,"Glycine, serine, alanine and threonine metabolism",mfn1v10path145,88,Matched.Compound,D-Alanine,0.00111173,-0.63,TRUE,90.05493
90.05495,C00213,M+H [1+],2.60000000054106e-05,"Glycine, serine, alanine and threonine metabolism",mfn1v10path145,88,Matched.Compound,Sarcosine,1.18e-07,-1.06,TRUE,90.05495
90.05495,C00041,M+H [1+],2.60000000054106e-05,"Glycine, serine, alanine and threonine metabolism",mfn1v10path145,88,Matched.Compound,L-Alanine,1.18e-07,-1.06,TRUE,90.05495
90.05495,C00133,M+H [1+],2.60000000054106e-05,"Glycine, serine, alanine and threonine metabolism",mfn1v10path145,88,Matched.Compound,D-Alanine,1.18e-07,-1.06,TRUE,90.05495
133.01426,C00149,M-H [1-],3.59999999943739e-05,Glycolysis and Gluconeogenesis,mfn1v10path146,49,Matched.Compound,Malic acid,0.001718728,-0.47,FALSE,133.01426
166.97508,C00074,M-H [1-],4.40000000310192e-05,Glycolysis and Gluconeogenesis,mfn1v10path146,49,Matched.Compound,Phosphoenolpyruvic acid,0.124387806,-0.55,FALSE,166.97508
168.99075,C00661,M-H [1-],2.59999999911997e-05,Glycolysis and Gluconeogenesis,mfn1v10path146,49,Matched.Compound,C00661,0.916146696,0.07,FALSE,168.99075
168.99075,C00111,M-H [1-],2.59999999911997e-05,Glycolysis and Gluconeogenesis,mfn1v10path146,49,Matched.Compound,Dihydroxyacetone phosphate,0.916146696,0.07,FALSE,168.99075
168.99075,C00118,M-H [1-],2.59999999911997e-05,Glycolysis and Gluconeogenesis,mfn1v10path146,49,Matched.Compound,Glyceraldehyde 3-phosphate,0.916146696,0.07,FALSE,168.99075
179.0561,C00031,M-H [1-],2.4000000024671e-05,Glycolysis and Gluconeogenesis,mfn1v10path146,49,Matched.Compound,D-Glucose,5.03e-05,-1.3,FALSE,179.0561
179.0561,C00221,M-H [1-],2.4000000024671e-05,Glycolysis and Gluconeogenesis,mfn1v10path146,49,Matched.Compound,beta-D-Glucose,5.03e-05,-1.3,FALSE,179.0561
179.0561,C00267,M-H [1-],2.4000000024671e-05,Glycolysis and Gluconeogenesis,mfn1v10path146,49,Matched.Compound,alpha-D-Glucose,5.03e-05,-1.3,FALSE,179.0561
179.05612,C00031,M-H [1-],4.00000001832268e-06,Glycolysis and Gluconeogenesis,mfn1v10path146,49,Matched.Compound,D-Glucose,0.278443464,-0.46,FALSE,179.05612
179.05612,C00221,M-H [1-],4.00000001832268e-06,Glycolysis and Gluconeogenesis,mfn1v10path146,49,Matched.Compound,beta-D-Glucose,0.278443464,-0.46,FALSE,179.05612
179.05612,C00267,M-H [1-],4.00000001832268e-06,Glycolysis and Gluconeogenesis,mfn1v10path146,49,Matched.Compound,alpha-D-Glucose,0.278443464,-0.46,FALSE,179.05612
184.98565,C00631,M-H [1-],2.59999999911997e-05,Glycolysis and Gluconeogenesis,mfn1v10path146,49,Matched.Compound,2-Phospho-D-glyceric acid,0.24001025,-0.57,FALSE,184.98565
184.98565,C00197,M-H [1-],2.59999999911997e-05,Glycolysis and Gluconeogenesis,mfn1v10path146,49,Matched.Compound,D-Glycerate 3-phosphate,0.24001025,-0.57,FALSE,184.98565
184.98566,C00631,M-H [1-],3.59999999943739e-05,Glycolysis and Gluconeogenesis,mfn1v10path146,49,Matched.Compound,2-Phospho-D-glyceric acid,0.078323724,-0.42,FALSE,184.98566
184.98566,C00197,M-H [1-],3.59999999943739e-05,Glycolysis and Gluconeogenesis,mfn1v10path146,49,Matched.Compound,D-Glycerate 3-phosphate,0.078323724,-0.42,FALSE,184.98566
188.05644,C00579,M-H2O-H [1-],0.000369999999975335,Glycolysis and Gluconeogenesis,mfn1v10path146,49,Matched.Compound,Dihydrolipoamide,0.024668127,-0.4,FALSE,188.05644
241.01188,C00103,M-H2O-H [1-],0.000570000000010396,Glycolysis and Gluconeogenesis,mfn1v10path146,49,Matched.Compound,Glucose 1-phosphate,0.000152822,-1.33,FALSE,241.01188
241.01188,C05345,M-H2O-H [1-],0.000570000000010396,Glycolysis and Gluconeogenesis,mfn1v10path146,49,Matched.Compound,Beta-D-Fructose 6-phosphate,0.000152822,-1.33,FALSE,241.01188
241.01188,C00092,M-H2O-H [1-],0.000570000000010396,Glycolysis and Gluconeogenesis,mfn1v10path146,49,Matched.Compound,Glucose 6-phosphate,0.000152822,-1.33,FALSE,241.01188
241.01188,C00085,M-H2O-H [1-],0.000570000000010396,Glycolysis and Gluconeogenesis,mfn1v10path146,49,Matched.Compound,Fructose 6-phosphate,0.000152822,-1.33,FALSE,241.01188
241.01188,C01172,M-H2O-H [1-],0.000570000000010396,Glycolysis and Gluconeogenesis,mfn1v10path146,49,Matched.Compound,beta-D-Glucose 6-phosphate,0.000152822,-1.33,FALSE,241.01188
259.02242,C00103,M-H [1-],3.99999998990097e-06,Glycolysis and Gluconeogenesis,mfn1v10path146,49,Matched.Compound,Glucose 1-phosphate,2.14e-06,-1.85,FALSE,259.02242
259.02242,C05345,M-H [1-],3.99999998990097e-06,Glycolysis and Gluconeogenesis,mfn1v10path146,49,Matched.Compound,Beta-D-Fructose 6-phosphate,2.14e-06,-1.85,FALSE,259.02242
259.02242,C00092,M-H [1-],3.99999998990097e-06,Glycolysis and Gluconeogenesis,mfn1v10path146,49,Matched.Compound,Glucose 6-phosphate,2.14e-06,-1.85,FALSE,259.02242
259.02242,C00085,M-H [1-],3.99999998990097e-06,Glycolysis and Gluconeogenesis,mfn1v10path146,49,Matched.Compound,Fructose 6-phosphate,2.14e-06,-1.85,FALSE,259.02242
259.02242,C00668,M-H [1-],3.99999998990097e-06,Glycolysis and Gluconeogenesis,mfn1v10path146,49,Matched.Compound,alpha-D-glucose 6-phosphate,2.14e-06,-1.85,FALSE,259.02242
259.02242,C01172,M-H [1-],3.99999998990097e-06,Glycolysis and Gluconeogenesis,mfn1v10path146,49,Matched.Compound,beta-D-Glucose 6-phosphate,2.14e-06,-1.85,FALSE,259.02242
259.02243,C00103,M-H [1-],5.99999998485146e-06,Glycolysis and Gluconeogenesis,mfn1v10path146,49,Matched.Compound,Glucose 1-phosphate,0.312254134,-0.36,FALSE,259.02243
259.02243,C05345,M-H [1-],5.99999998485146e-06,Glycolysis and Gluconeogenesis,mfn1v10path146,49,Matched.Compound,Beta-D-Fructose 6-phosphate,0.312254134,-0.36,FALSE,259.02243
259.02243,C00092,M-H [1-],5.99999998485146e-06,Glycolysis and Gluconeogenesis,mfn1v10path146,49,Matched.Compound,Glucose 6-phosphate,0.312254134,-0.36,FALSE,259.02243
259.02243,C00085,M-H [1-],5.99999998485146e-06,Glycolysis and Gluconeogenesis,mfn1v10path146,49,Matched.Compound,Fructose 6-phosphate,0.312254134,-0.36,FALSE,259.02243
259.02243,C00668,M-H [1-],5.99999998485146e-06,Glycolysis and Gluconeogenesis,mfn1v10path146,49,Matched.Compound,alpha-D-glucose 6-phosphate,0.312254134,-0.36,FALSE,259.02243
259.02243,C01172,M-H [1-],5.99999998485146e-06,Glycolysis and Gluconeogenesis,mfn1v10path146,49,Matched.Compound,beta-D-Glucose 6-phosphate,0.312254134,-0.36,FALSE,259.02243
338.98866,C05378,M-H [1-],6.40000000089458e-05,Glycolysis and Gluconeogenesis,mfn1v10path146,49,Matched.Compound,"beta-D-Fructose 1,6-bisphosphate",7.79e-05,-1.11,FALSE,338.98866
338.98866,C00354,M-H [1-],6.40000000089458e-05,Glycolysis and Gluconeogenesis,mfn1v10path146,49,Matched.Compound,"Fructose 1,6-bisphosphate",7.79e-05,-1.11,FALSE,338.98866
338.98866,C00665,M-H [1-],6.40000000089458e-05,Glycolysis and Gluconeogenesis,mfn1v10path146,49,Matched.Compound,"D-Fructose 2,6-bisphosphate",7.79e-05,-1.11,FALSE,338.98866
338.98866,C01231,M-H [1-],6.40000000089458e-05,Glycolysis and Gluconeogenesis,mfn1v10path146,49,Matched.Compound,"alpha-D-Glucose 1,6-bisphosphate",7.79e-05,-1.11,FALSE,338.98866
346.05571,C00020,M-H [1-],0.000114000000053238,Glycolysis and Gluconeogenesis,mfn1v10path146,49,Matched.Compound,Adenosine monophosphate,1.28e-05,-1.39,FALSE,346.05571
442.01703,C00035,M-H [1-],5.99999998485146e-06,Glycolysis and Gluconeogenesis,mfn1v10path146,49,Matched.Compound,Guanosine diphosphate,3.77e-05,-1.1,FALSE,442.01703
521.98338,C00044,M-H [1-],4.39999998889107e-05,Glycolysis and Gluconeogenesis,mfn1v10path146,49,Matched.Compound,Guanosine triphosphate,0.00081538,-0.93,FALSE,521.98338
766.1079,C00010,M-H [1-],2.39999999394058e-05,Glycolysis and Gluconeogenesis,mfn1v10path146,49,Matched.Compound,Coenzyme A,0.003192,-1.2,FALSE,766.1079
808.11823,C00024,M-H [1-],0.000293999999939842,Glycolysis and Gluconeogenesis,mfn1v10path146,49,Matched.Compound,Acetyl-CoA,0.001821828,-0.79,FALSE,808.11823
87.00877,C00022,M-H [1-],4.5999999997548e-05,Glycolysis and Gluconeogenesis,mfn1v10path146,49,Matched.Compound,Pyruvic acid,0.000431622,-1.44,FALSE,87.00877
89.02442,C00186,M-H [1-],3.99999998990097e-06,Glycolysis and Gluconeogenesis,mfn1v10path146,49,Matched.Compound,Lactic acid,0.000240254,-1.22,FALSE,89.02442
179.0561,C01582,M-H [1-],2.4000000024671e-05,Glycosphingolipid biosynthesis - ganglioseries,mfn1v10path148,62,Matched.Compound,C01582,5.03e-05,-1.3,FALSE,179.0561
179.0561,C00124,M-H [1-],2.4000000024671e-05,Glycosphingolipid biosynthesis - ganglioseries,mfn1v10path148,62,Matched.Compound,D-Galactose,5.03e-05,-1.3,FALSE,179.0561
179.05612,C01582,M-H [1-],4.00000001832268e-06,Glycosphingolipid biosynthesis - ganglioseries,mfn1v10path148,62,Matched.Compound,C01582,0.278443464,-0.46,FALSE,179.05612
179.05612,C00124,M-H [1-],4.00000001832268e-06,Glycosphingolipid biosynthesis - ganglioseries,mfn1v10path148,62,Matched.Compound,D-Galactose,0.278443464,-0.46,FALSE,179.05612
304.03401,C00055,M-H2O-H [1-],0.00050000000004502,Glycosphingolipid biosynthesis - ganglioseries,mfn1v10path148,62,Matched.Compound,Cytidine monophosphate,0.139681717,-0.47,FALSE,304.03401
402.99482,C00015,M-H [1-],0.000104000000021642,Glycosphingolipid biosynthesis - ganglioseries,mfn1v10path148,62,Matched.Compound,Uridine 5'-diphosphate,0.000392552,-1.05,FALSE,402.99482
426.02206,C00054,M-H [1-],6.40000000089458e-05,Glycosphingolipid biosynthesis - ganglioseries,mfn1v10path148,62,Matched.Compound,"Adenosine 3',5'-diphosphate",0.000785849,-1.11,FALSE,426.02206
442.01703,C00035,M-H [1-],5.99999998485146e-06,Glycosphingolipid biosynthesis - ganglioseries,mfn1v10path148,62,Matched.Compound,Guanosine diphosphate,3.77e-05,-1.1,FALSE,442.01703
565.04754,C00052,M-H [1-],0.000183999999876505,Glycosphingolipid biosynthesis - ganglioseries,mfn1v10path148,62,Matched.Compound,Uridine diphosphategalactose,0.000220563,-0.69,FALSE,565.04754
588.07495,C00325,M-H [1-],2.60000000480431e-05,Glycosphingolipid biosynthesis - ganglioseries,mfn1v10path148,62,Matched.Compound,GDP-L-fucose,1.29e-05,-1.17,FALSE,588.07495
606.07411,C00203,M-H [1-],0.000213999999914449,Glycosphingolipid biosynthesis - ganglioseries,mfn1v10path148,62,Matched.Compound,Uridine diphosphate-N-acetylgalactosamine,1.54e-05,-1.31,FALSE,606.07411
179.0561,C00984,M-H [1-],2.4000000024671e-05,Glycosphingolipid biosynthesis - globoseries,mfn1v10path149,16,Matched.Compound,alpha-D-Galactose,5.03e-05,-1.3,FALSE,179.0561
179.05612,C00984,M-H [1-],4.00000001832268e-06,Glycosphingolipid biosynthesis - globoseries,mfn1v10path149,16,Matched.Compound,alpha-D-Galactose,0.278443464,-0.46,FALSE,179.05612
304.03401,C00055,M-H2O-H [1-],0.00050000000004502,Glycosphingolipid biosynthesis - globoseries,mfn1v10path149,16,Matched.Compound,Cytidine monophosphate,0.139681717,-0.47,FALSE,304.03401
402.99482,C00015,M-H [1-],0.000104000000021642,Glycosphingolipid biosynthesis - globoseries,mfn1v10path149,16,Matched.Compound,Uridine 5'-diphosphate,0.000392552,-1.05,FALSE,402.99482
442.01703,C00035,M-H [1-],5.99999998485146e-06,Glycosphingolipid biosynthesis - globoseries,mfn1v10path149,16,Matched.Compound,Guanosine diphosphate,3.77e-05,-1.1,FALSE,442.01703
565.04754,C00052,M-H [1-],0.000183999999876505,Glycosphingolipid biosynthesis - globoseries,mfn1v10path149,16,Matched.Compound,Uridine diphosphategalactose,0.000220563,-0.69,FALSE,565.04754
588.07495,C00325,M-H [1-],2.60000000480431e-05,Glycosphingolipid biosynthesis - globoseries,mfn1v10path149,16,Matched.Compound,GDP-L-fucose,1.29e-05,-1.17,FALSE,588.07495
606.07411,C00203,M-H [1-],0.000213999999914449,Glycosphingolipid biosynthesis - globoseries,mfn1v10path149,16,Matched.Compound,Uridine diphosphate-N-acetylgalactosamine,1.54e-05,-1.31,FALSE,606.07411
304.03401,C00055,M-H2O-H [1-],0.00050000000004502,Glycosphingolipid biosynthesis - lactoseries,mfn1v10path150,14,Matched.Compound,Cytidine monophosphate,0.139681717,-0.47,FALSE,304.03401
402.99482,C00015,M-H [1-],0.000104000000021642,Glycosphingolipid biosynthesis - lactoseries,mfn1v10path150,14,Matched.Compound,Uridine 5'-diphosphate,0.000392552,-1.05,FALSE,402.99482
442.01703,C00035,M-H [1-],5.99999998485146e-06,Glycosphingolipid biosynthesis - lactoseries,mfn1v10path150,14,Matched.Compound,Guanosine diphosphate,3.77e-05,-1.1,FALSE,442.01703
565.04754,C00052,M-H [1-],0.000183999999876505,Glycosphingolipid biosynthesis - lactoseries,mfn1v10path150,14,Matched.Compound,Uridine diphosphategalactose,0.000220563,-0.69,FALSE,565.04754
588.07495,C00325,M-H [1-],2.60000000480431e-05,Glycosphingolipid biosynthesis - lactoseries,mfn1v10path150,14,Matched.Compound,GDP-L-fucose,1.29e-05,-1.17,FALSE,588.07495
606.07411,C00203,M-H [1-],0.000213999999914449,Glycosphingolipid biosynthesis - lactoseries,mfn1v10path150,14,Matched.Compound,Uridine diphosphate-N-acetylgalactosamine,1.54e-05,-1.31,FALSE,606.07411
304.03401,C00055,M-H2O-H [1-],0.00050000000004502,Glycosphingolipid biosynthesis - neolactoseries,mfn1v10path151,16,Matched.Compound,Cytidine monophosphate,0.139681717,-0.47,FALSE,304.03401
402.99482,C00015,M-H [1-],0.000104000000021642,Glycosphingolipid biosynthesis - neolactoseries,mfn1v10path151,16,Matched.Compound,Uridine 5'-diphosphate,0.000392552,-1.05,FALSE,402.99482
442.01703,C00035,M-H [1-],5.99999998485146e-06,Glycosphingolipid biosynthesis - neolactoseries,mfn1v10path151,16,Matched.Compound,Guanosine diphosphate,3.77e-05,-1.1,FALSE,442.01703
565.04754,C00052,M-H [1-],0.000183999999876505,Glycosphingolipid biosynthesis - neolactoseries,mfn1v10path151,16,Matched.Compound,Uridine diphosphategalactose,0.000220563,-0.69,FALSE,565.04754
588.07495,C00325,M-H [1-],2.60000000480431e-05,Glycosphingolipid biosynthesis - neolactoseries,mfn1v10path151,16,Matched.Compound,GDP-L-fucose,1.29e-05,-1.17,FALSE,588.07495
606.07411,C00203,M-H [1-],0.000213999999914449,Glycosphingolipid biosynthesis - neolactoseries,mfn1v10path151,16,Matched.Compound,Uridine diphosphate-N-acetylgalactosamine,1.54e-05,-1.31,FALSE,606.07411
606.07411,C00043,M-H [1-],0.000213999999914449,Glycosphingolipid biosynthesis - neolactoseries,mfn1v10path151,16,Matched.Compound,Uridine diphosphate-N-acetylglucosamine,1.54e-05,-1.31,FALSE,606.07411
104.03532,C00065,M-H [1-],3.99999998990097e-06,Glycosphingolipid metabolism,mfn1v10path152,67,Matched.Compound,Serine,0.497848408,0.16,FALSE,104.03532
179.0561,C00031,M-H [1-],2.4000000024671e-05,Glycosphingolipid metabolism,mfn1v10path152,67,Matched.Compound,D-Glucose,5.03e-05,-1.3,FALSE,179.0561
179.0561,C00962,M-H [1-],2.4000000024671e-05,Glycosphingolipid metabolism,mfn1v10path152,67,Matched.Compound,beta-D-Galactose,5.03e-05,-1.3,FALSE,179.0561
179.0561,C01582,M-H [1-],2.4000000024671e-05,Glycosphingolipid metabolism,mfn1v10path152,67,Matched.Compound,C01582,5.03e-05,-1.3,FALSE,179.0561
179.0561,C00124,M-H [1-],2.4000000024671e-05,Glycosphingolipid metabolism,mfn1v10path152,67,Matched.Compound,D-Galactose,5.03e-05,-1.3,FALSE,179.0561
179.05612,C00031,M-H [1-],4.00000001832268e-06,Glycosphingolipid metabolism,mfn1v10path152,67,Matched.Compound,D-Glucose,0.278443464,-0.46,FALSE,179.05612
179.05612,C00962,M-H [1-],4.00000001832268e-06,Glycosphingolipid metabolism,mfn1v10path152,67,Matched.Compound,beta-D-Galactose,0.278443464,-0.46,FALSE,179.05612
179.05612,C01582,M-H [1-],4.00000001832268e-06,Glycosphingolipid metabolism,mfn1v10path152,67,Matched.Compound,C01582,0.278443464,-0.46,FALSE,179.05612
179.05612,C00124,M-H [1-],4.00000001832268e-06,Glycosphingolipid metabolism,mfn1v10path152,67,Matched.Compound,D-Galactose,0.278443464,-0.46,FALSE,179.05612
239.23805,C00517,M-H [1-],2.59999999911997e-05,Glycosphingolipid metabolism,mfn1v10path152,67,Matched.Compound,Palmitaldehyde,0.001257971,-1.05,FALSE,239.23805
255.23295,C00249,M-H [1-],2.5999999962778e-05,Glycosphingolipid metabolism,mfn1v10path152,67,Matched.Compound,Palmitic acid,0.17605372,1.17,FALSE,255.23295
282.27915,C02934,M-H2O+H [1+],7.3533230022349e-05,Glycosphingolipid metabolism,mfn1v10path152,67,Matched.Compound,3-Dehydrosphinganine,0.000425997,0.91,TRUE,282.27915
282.27915,C00319,M-H2O+H [1+],7.3533230022349e-05,Glycosphingolipid metabolism,mfn1v10path152,67,Matched.Compound,Sphingosine,0.000425997,0.91,TRUE,282.27915
302.3054,C00836,M+H [1+],2.40000000530927e-05,Glycosphingolipid metabolism,mfn1v10path152,67,Matched.Compound,Sphinganine,0.003516184,0.82,TRUE,302.3054
304.03401,C00055,M-H2O-H [1-],0.00050000000004502,Glycosphingolipid metabolism,mfn1v10path152,67,Matched.Compound,Cytidine monophosphate,0.139681717,-0.47,FALSE,304.03401
308.09872,C00270,M-H [1-],3.99999998990097e-06,Glycosphingolipid metabolism,mfn1v10path152,67,Matched.Compound,N-Acetylneuraminate,1.96e-05,-1.45,FALSE,308.09872
402.99482,C00015,M-H [1-],0.000104000000021642,Glycosphingolipid metabolism,mfn1v10path152,67,Matched.Compound,Uridine 5'-diphosphate,0.000392552,-1.05,FALSE,402.99482
426.02206,C00054,M-H [1-],6.40000000089458e-05,Glycosphingolipid metabolism,mfn1v10path152,67,Matched.Compound,"Adenosine 3',5'-diphosphate",0.000785849,-1.11,FALSE,426.02206
442.01703,C00035,M-H [1-],5.99999998485146e-06,Glycosphingolipid metabolism,mfn1v10path152,67,Matched.Compound,Guanosine diphosphate,3.77e-05,-1.1,FALSE,442.01703
460.32803,C01747,M-H [1-],5.99999998485146e-06,Glycosphingolipid metabolism,mfn1v10path152,67,Matched.Compound,Galactosylsphingosine,0.145127608,0.48,FALSE,460.32803
565.04754,C00029,M-H [1-],0.000183999999876505,Glycosphingolipid metabolism,mfn1v10path152,67,Matched.Compound,Uridine diphosphate glucose,0.000220563,-0.69,FALSE,565.04754
565.04754,C00052,M-H [1-],0.000183999999876505,Glycosphingolipid metabolism,mfn1v10path152,67,Matched.Compound,Uridine diphosphategalactose,0.000220563,-0.69,FALSE,565.04754
588.07495,C00325,M-H [1-],2.60000000480431e-05,Glycosphingolipid metabolism,mfn1v10path152,67,Matched.Compound,GDP-L-fucose,1.29e-05,-1.17,FALSE,588.07495
606.07411,C00203,M-H [1-],0.000213999999914449,Glycosphingolipid metabolism,mfn1v10path152,67,Matched.Compound,Uridine diphosphate-N-acetylgalactosamine,1.54e-05,-1.31,FALSE,606.07411
606.07411,C00043,M-H [1-],0.000213999999914449,Glycosphingolipid metabolism,mfn1v10path152,67,Matched.Compound,Uridine diphosphate-N-acetylglucosamine,1.54e-05,-1.31,FALSE,606.07411
766.1079,C00010,M-H [1-],2.39999999394058e-05,Glycosphingolipid metabolism,mfn1v10path152,67,Matched.Compound,Coenzyme A,0.003192,-1.2,FALSE,766.1079
784.1499,C00016,M-H [1-],7.60000000354921e-05,Glycosphingolipid metabolism,mfn1v10path152,67,Matched.Compound,FAD,0.0003438,-1.11,FALSE,784.1499
808.11823,C00024,M-H [1-],0.000293999999939842,Glycosphingolipid metabolism,mfn1v10path152,67,Matched.Compound,Acetyl-CoA,0.001821828,-0.79,FALSE,808.11823
241.01188,C03862,M-H2O-H [1-],0.000546000000014146,Glycosylphosphatidylinositol(GPI)-anchor biosynthesis,mfn1v10path153,6,Matched.Compound,Dolichyl phosphate D-mannose,0.000152822,-1.33,FALSE,241.01188
259.02242,C03862,M-H [1-],2.79999999861502e-05,Glycosylphosphatidylinositol(GPI)-anchor biosynthesis,mfn1v10path153,6,Matched.Compound,Dolichyl phosphate D-mannose,2.14e-06,-1.85,FALSE,259.02242
259.02243,C03862,M-H [1-],1.80000000113978e-05,Glycosylphosphatidylinositol(GPI)-anchor biosynthesis,mfn1v10path153,6,Matched.Compound,Dolichyl phosphate D-mannose,0.312254134,-0.36,FALSE,259.02243
766.1079,C00010,M-H [1-],2.39999999394058e-05,Glycosylphosphatidylinositol(GPI)-anchor biosynthesis,mfn1v10path153,6,Matched.Compound,Coenzyme A,0.003192,-1.2,FALSE,766.1079
168.99075,C00111,M-H [1-],2.59999999911997e-05,Glyoxylate and Dicarboxylate Metabolism,mfn1v10path154,12,Matched.Compound,Dihydroxyacetone phosphate,0.916146696,0.07,FALSE,168.99075
184.98565,C00631,M-H [1-],2.59999999911997e-05,Glyoxylate and Dicarboxylate Metabolism,mfn1v10path154,12,Matched.Compound,2-Phospho-D-glyceric acid,0.24001025,-0.57,FALSE,184.98565
184.98566,C00631,M-H [1-],3.59999999943739e-05,Glyoxylate and Dicarboxylate Metabolism,mfn1v10path154,12,Matched.Compound,2-Phospho-D-glyceric acid,0.078323724,-0.42,FALSE,184.98566
179.0561,C00124,M-H [1-],2.4000000024671e-05,Heparan sulfate degradation,mfn1v10path156,34,Matched.Compound,D-Galactose,5.03e-05,-1.3,FALSE,179.0561
179.05612,C00124,M-H [1-],4.00000001832268e-06,Heparan sulfate degradation,mfn1v10path156,34,Matched.Compound,D-Galactose,0.278443464,-0.46,FALSE,179.05612
766.1079,C00010,M-H [1-],2.39999999394058e-05,Heparan sulfate degradation,mfn1v10path156,34,Matched.Compound,Coenzyme A,0.003192,-1.2,FALSE,766.1079
808.11823,C00024,M-H [1-],0.000293999999939842,Heparan sulfate degradation,mfn1v10path156,34,Matched.Compound,Acetyl-CoA,0.001821828,-0.79,FALSE,808.11823
162.0761,C00329,M-H2O+H [1+],2.35332300064783e-05,Hexose phosphorylation,mfn1v10path157,20,Matched.Compound,Glucosamine,3.05e-05,-0.9,TRUE,162.0761
179.0561,C00031,M-H [1-],2.4000000024671e-05,Hexose phosphorylation,mfn1v10path157,20,Matched.Compound,D-Glucose,5.03e-05,-1.3,FALSE,179.0561
179.0561,C00738,M-H [1-],2.4000000024671e-05,Hexose phosphorylation,mfn1v10path157,20,Matched.Compound,D-Gulose,5.03e-05,-1.3,FALSE,179.0561
179.0561,C00095,M-H [1-],2.4000000024671e-05,Hexose phosphorylation,mfn1v10path157,20,Matched.Compound,D-Fructose,5.03e-05,-1.3,FALSE,179.0561
179.0561,C00159,M-H [1-],2.4000000024671e-05,Hexose phosphorylation,mfn1v10path157,20,Matched.Compound,D-Mannose,5.03e-05,-1.3,FALSE,179.0561
179.05612,C00031,M-H [1-],4.00000001832268e-06,Hexose phosphorylation,mfn1v10path157,20,Matched.Compound,D-Glucose,0.278443464,-0.46,FALSE,179.05612
179.05612,C00738,M-H [1-],4.00000001832268e-06,Hexose phosphorylation,mfn1v10path157,20,Matched.Compound,D-Gulose,0.278443464,-0.46,FALSE,179.05612
179.05612,C00095,M-H [1-],4.00000001832268e-06,Hexose phosphorylation,mfn1v10path157,20,Matched.Compound,D-Fructose,0.278443464,-0.46,FALSE,179.05612
179.05612,C00159,M-H [1-],4.00000001832268e-06,Hexose phosphorylation,mfn1v10path157,20,Matched.Compound,D-Mannose,0.278443464,-0.46,FALSE,179.05612
241.01188,C00275,M-H2O-H [1-],0.000570000000010396,Hexose phosphorylation,mfn1v10path157,20,Matched.Compound,Mannose 6-phosphate,0.000152822,-1.33,FALSE,241.01188
241.01188,C00092,M-H2O-H [1-],0.000570000000010396,Hexose phosphorylation,mfn1v10path157,20,Matched.Compound,Glucose 6-phosphate,0.000152822,-1.33,FALSE,241.01188
241.01188,C00085,M-H2O-H [1-],0.000570000000010396,Hexose phosphorylation,mfn1v10path157,20,Matched.Compound,Fructose 6-phosphate,0.000152822,-1.33,FALSE,241.01188
258.03842,C00352,M-H [1-],4.00000004674439e-06,Hexose phosphorylation,mfn1v10path157,20,Matched.Compound,Glucosamine 6-phosphate,1.16e-06,-1.7,FALSE,258.03842
259.02242,C00275,M-H [1-],3.99999998990097e-06,Hexose phosphorylation,mfn1v10path157,20,Matched.Compound,Mannose 6-phosphate,2.14e-06,-1.85,FALSE,259.02242
259.02242,C02965,M-H [1-],3.99999998990097e-06,Hexose phosphorylation,mfn1v10path157,20,Matched.Compound,"[(2R,3R,4S,5S)-3,4,5,6-Tetrahydroxyoxan-2-yl]methyl dihydrogen phosphate",2.14e-06,-1.85,FALSE,259.02242
259.02242,C00092,M-H [1-],3.99999998990097e-06,Hexose phosphorylation,mfn1v10path157,20,Matched.Compound,Glucose 6-phosphate,2.14e-06,-1.85,FALSE,259.02242
259.02242,C00085,M-H [1-],3.99999998990097e-06,Hexose phosphorylation,mfn1v10path157,20,Matched.Compound,Fructose 6-phosphate,2.14e-06,-1.85,FALSE,259.02242
259.02243,C00275,M-H [1-],5.99999998485146e-06,Hexose phosphorylation,mfn1v10path157,20,Matched.Compound,Mannose 6-phosphate,0.312254134,-0.36,FALSE,259.02243
259.02243,C02965,M-H [1-],5.99999998485146e-06,Hexose phosphorylation,mfn1v10path157,20,Matched.Compound,"[(2R,3R,4S,5S)-3,4,5,6-Tetrahydroxyoxan-2-yl]methyl dihydrogen phosphate",0.312254134,-0.36,FALSE,259.02243
259.02243,C00092,M-H [1-],5.99999998485146e-06,Hexose phosphorylation,mfn1v10path157,20,Matched.Compound,Glucose 6-phosphate,0.312254134,-0.36,FALSE,259.02243
259.02243,C00085,M-H [1-],5.99999998485146e-06,Hexose phosphorylation,mfn1v10path157,20,Matched.Compound,Fructose 6-phosphate,0.312254134,-0.36,FALSE,259.02243
341.10885,C01083,M-H [1-],7.39999999836982e-05,Hexose phosphorylation,mfn1v10path157,20,Matched.Compound,Trehalose,1.01e-05,-3.47,FALSE,341.10885
341.10885,C00089,M-H [1-],7.39999999836982e-05,Hexose phosphorylation,mfn1v10path157,20,Matched.Compound,Sucrose,1.01e-05,-3.47,FALSE,341.10885
343.12352,C01083,M+H [1+],4.40000000025975e-05,Hexose phosphorylation,mfn1v10path157,20,Matched.Compound,Trehalose,0.167926245,-0.65,TRUE,343.12352
343.12352,C00089,M+H [1+],4.40000000025975e-05,Hexose phosphorylation,mfn1v10path157,20,Matched.Compound,Sucrose,0.167926245,-0.65,TRUE,343.12352
123.05529,C05828,M-H2O+H [1+],1.35332299890933e-05,Histidine metabolism,mfn1v10path158,33,Matched.Compound,Methylimidazoleacetic acid,0.004502956,-1.1,TRUE,123.05529
145.01429,C00026,M-H [1-],6.59999999754746e-05,Histidine metabolism,mfn1v10path158,33,Matched.Compound,Oxoglutaric acid,1.02e-06,-1.31,FALSE,145.01429
146.04588,C00025,M-H [1-],4.40000000025975e-05,Histidine metabolism,mfn1v10path158,33,Matched.Compound,Glutamic acid,0.000116605,1.04,FALSE,146.04588
148.06045,C00025,M+H [1+],2.59999999911997e-05,Histidine metabolism,mfn1v10path158,33,Matched.Compound,Glutamic acid,0.001100992,-0.39,TRUE,148.06045
154.06221,C00135,M-H [1-],1.40000000214968e-05,Histidine metabolism,mfn1v10path158,33,Matched.Compound,Histidine,0.742996594,0.19,FALSE,154.06221
175.07131,C00439,M+H [1+],6.59999999754746e-05,Histidine metabolism,mfn1v10path158,33,Matched.Compound,Formiminoglutamic acid,7.45e-05,-2.49,TRUE,175.07131
227.1139,C00386,M+H [1+],2.4000000024671e-05,Histidine metabolism,mfn1v10path158,33,Matched.Compound,Carnosine,0.003518302,-1.25,TRUE,227.1139
306.07649,C00051,M-H [1-],3.40000000278451e-05,Histidine metabolism,mfn1v10path158,33,Matched.Compound,Glutathione,3.87e-05,-1.43,FALSE,306.07649
346.05571,C00020,M-H [1-],0.000114000000053238,Histidine metabolism,mfn1v10path158,33,Matched.Compound,Adenosine monophosphate,1.28e-05,-1.39,FALSE,346.05571
399.14455,C00019,M+H [1+],7.39999999836982e-05,Histidine metabolism,mfn1v10path158,33,Matched.Compound,S-Adenosylmethionine,3e-05,-0.82,TRUE,399.14455
766.1079,C00010,M-H [1-],2.39999999394058e-05,Histidine metabolism,mfn1v10path158,33,Matched.Compound,Coenzyme A,0.003192,-1.2,FALSE,766.1079
808.11823,C00024,M-H [1-],0.000293999999939842,Histidine metabolism,mfn1v10path158,33,Matched.Compound,Acetyl-CoA,0.001821828,-0.79,FALSE,808.11823
87.00877,C00222,M-H [1-],4.5999999997548e-05,Histidine metabolism,mfn1v10path158,33,Matched.Compound,Malonic semialdehyde,0.000431622,-1.44,FALSE,87.00877
90.05493,C00099,M+H [1+],4.60000000117589e-05,Histidine metabolism,mfn1v10path158,33,Matched.Compound,beta-Alanine,0.00111173,-0.63,TRUE,90.05493
90.05495,C00099,M+H [1+],2.60000000054106e-05,Histidine metabolism,mfn1v10path158,33,Matched.Compound,beta-Alanine,1.18e-07,-1.06,TRUE,90.05495
402.99482,C00015,M-H [1-],0.000104000000021642,Hyaluronan Metabolism,mfn1v10path159,8,Matched.Compound,Uridine 5'-diphosphate,0.000392552,-1.05,FALSE,402.99482
579.02681,C00167,M-H [1-],0.000214000000028136,Hyaluronan Metabolism,mfn1v10path159,8,Matched.Compound,Uridine diphosphate glucuronic acid,6.6e-05,-1.75,FALSE,579.02681
606.07411,C00043,M-H [1-],0.000213999999914449,Hyaluronan Metabolism,mfn1v10path159,8,Matched.Compound,Uridine diphosphate-N-acetylglucosamine,1.54e-05,-1.31,FALSE,606.07411
304.03401,C00055,M-H2O-H [1-],0.00050000000004502,Keratan sulfate biosynthesis,mfn1v10path160,66,Matched.Compound,Cytidine monophosphate,0.139681717,-0.47,FALSE,304.03401
402.99482,C00015,M-H [1-],0.000104000000021642,Keratan sulfate biosynthesis,mfn1v10path160,66,Matched.Compound,Uridine 5'-diphosphate,0.000392552,-1.05,FALSE,402.99482
426.02206,C00054,M-H [1-],6.40000000089458e-05,Keratan sulfate biosynthesis,mfn1v10path160,66,Matched.Compound,"Adenosine 3',5'-diphosphate",0.000785849,-1.11,FALSE,426.02206
565.04754,C00052,M-H [1-],0.000183999999876505,Keratan sulfate biosynthesis,mfn1v10path160,66,Matched.Compound,Uridine diphosphategalactose,0.000220563,-0.69,FALSE,565.04754
606.07411,C00043,M-H [1-],0.000213999999914449,Keratan sulfate biosynthesis,mfn1v10path160,66,Matched.Compound,Uridine diphosphate-N-acetylglucosamine,1.54e-05,-1.31,FALSE,606.07411
179.0561,C00124,M-H [1-],2.4000000024671e-05,Keratan sulfate degradation,mfn1v10path161,68,Matched.Compound,D-Galactose,5.03e-05,-1.3,FALSE,179.0561
179.05612,C00124,M-H [1-],4.00000001832268e-06,Keratan sulfate degradation,mfn1v10path161,68,Matched.Compound,D-Galactose,0.278443464,-0.46,FALSE,179.05612
308.09872,C00270,M-H [1-],3.99999998990097e-06,Keratan sulfate degradation,mfn1v10path161,68,Matched.Compound,N-Acetylneuraminate,1.96e-05,-1.45,FALSE,308.09872
402.99482,C00015,M-H [1-],0.000104000000021642,Keratan sulfate degradation,mfn1v10path161,68,Matched.Compound,Uridine 5'-diphosphate,0.000392552,-1.05,FALSE,402.99482
606.07411,C00203,M-H [1-],0.000213999999914449,Keratan sulfate degradation,mfn1v10path161,68,Matched.Compound,Uridine diphosphate-N-acetylgalactosamine,1.54e-05,-1.31,FALSE,606.07411
146.04588,C00302,M-H [1-],4.40000000025975e-05,Leukotriene metabolism,mfn1v10path162,92,Matched.Compound,DL-Glutamate,0.000116605,1.04,FALSE,146.04588
148.06045,C00302,M+H [1+],2.59999999911997e-05,Leukotriene metabolism,mfn1v10path162,92,Matched.Compound,DL-Glutamate,0.001100992,-0.39,TRUE,148.06045
306.07649,C00051,M-H [1-],3.40000000278451e-05,Leukotriene metabolism,mfn1v10path162,92,Matched.Compound,Glutathione,3.87e-05,-1.43,FALSE,306.07649
346.05571,C00020,M-H [1-],0.000114000000053238,Leukotriene metabolism,mfn1v10path162,92,Matched.Compound,Adenosine monophosphate,1.28e-05,-1.39,FALSE,346.05571
76.03932,C00037,M+H [1+],4.40000000025975e-05,Leukotriene metabolism,mfn1v10path162,92,Matched.Compound,Glycine,0.326905645,-0.13,TRUE,76.03932
766.1079,C00010,M-H [1-],2.39999999394058e-05,Leukotriene metabolism,mfn1v10path162,92,Matched.Compound,Coenzyme A,0.003192,-1.2,FALSE,766.1079
808.11823,C00024,M-H [1-],0.000293999999939842,Leukotriene metabolism,mfn1v10path162,92,Matched.Compound,Acetyl-CoA,0.001821828,-0.79,FALSE,808.11823
187.09756,C08261,M-H [1-],6.40000000089458e-05,Linoleate metabolism,mfn1v10path164,46,Matched.Compound,Azelaic acid,0.987784246,0.13,FALSE,187.09756
279.23295,C01595,M-H [1-],2.59999999911997e-05,Linoleate metabolism,mfn1v10path164,46,Matched.Compound,Linoleic acid,0.334212692,1.13,FALSE,279.23295
306.07649,C00051,M-H [1-],3.40000000278451e-05,Linoleate metabolism,mfn1v10path164,46,Matched.Compound,Glutathione,3.87e-05,-1.43,FALSE,306.07649
402.99482,C00015,M-H [1-],0.000104000000021642,Linoleate metabolism,mfn1v10path164,46,Matched.Compound,Uridine 5'-diphosphate,0.000392552,-1.05,FALSE,402.99482
508.37621,C04230,M+H [1+],5.90188000160197e-05,Linoleate metabolism,mfn1v10path164,46,Matched.Compound,LysoPC(18:1/0:0),0.051019828,0.55,TRUE,508.37621
508.37623,C04230,M+H [1+],7.90188000223679e-05,Linoleate metabolism,mfn1v10path164,46,Matched.Compound,LysoPC(18:1/0:0),0.155926722,-0.29,TRUE,508.37623
579.02681,C00167,M-H [1-],0.000214000000028136,Linoleate metabolism,mfn1v10path164,46,Matched.Compound,Uridine diphosphate glucuronic acid,6.6e-05,-1.75,FALSE,579.02681
613.15941,C00127,M+H [1+],0.000133999999889056,Linoleate metabolism,mfn1v10path164,46,Matched.Compound,Oxidized glutathione,5.47e-05,-1.8,TRUE,613.15941
613.15942,C00127,M+H [1+],0.000143999999863809,Linoleate metabolism,mfn1v10path164,46,Matched.Compound,Oxidized glutathione,0.01612591,-0.75,TRUE,613.15942
188.05644,C00579,M-H2O-H [1-],0.000369999999975335,Lipoate metabolism,mfn1v10path165,8,Matched.Compound,Dihydrolipoamide,0.024668127,-0.4,FALSE,188.05644
128.0706,C04092,M+H [1+],2.4000000024671e-05,Lysine metabolism,mfn1v10path166,52,Matched.Compound,1-Piperideine-2-carboxylic acid,0.010645162,-0.71,TRUE,128.0706
128.0706,C00450,M+H [1+],2.4000000024671e-05,Lysine metabolism,mfn1v10path166,52,Matched.Compound,"2,3,4,5-Tetrahydro-2-pyridinecarboxylic acid",0.010645162,-0.71,TRUE,128.0706
128.0706,C03239,M-H2O+H [1+],2.35332300064783e-05,Lysine metabolism,mfn1v10path166,52,Matched.Compound,2-Keto-6-aminocaproate,0.010645162,-0.71,TRUE,128.0706
128.0706,C04076,M-H2O+H [1+],2.35332300064783e-05,Lysine metabolism,mfn1v10path166,52,Matched.Compound,Allysine,0.010645162,-0.71,TRUE,128.0706
128.07061,C04092,M+H [1+],3.39999999994234e-05,Lysine metabolism,mfn1v10path166,52,Matched.Compound,1-Piperideine-2-carboxylic acid,0.591044686,0.16,TRUE,128.07061
128.07061,C00450,M+H [1+],3.39999999994234e-05,Lysine metabolism,mfn1v10path166,52,Matched.Compound,"2,3,4,5-Tetrahydro-2-pyridinecarboxylic acid",0.591044686,0.16,TRUE,128.07061
128.07061,C03239,M-H2O+H [1+],3.35332299812308e-05,Lysine metabolism,mfn1v10path166,52,Matched.Compound,2-Keto-6-aminocaproate,0.591044686,0.16,TRUE,128.07061
128.07061,C04076,M-H2O+H [1+],3.35332299812308e-05,Lysine metabolism,mfn1v10path166,52,Matched.Compound,Allysine,0.591044686,0.16,TRUE,128.07061
145.01429,C00026,M-H [1-],6.59999999754746e-05,Lysine metabolism,mfn1v10path166,52,Matched.Compound,Oxoglutaric acid,1.02e-06,-1.31,FALSE,145.01429
146.04588,C00025,M-H [1-],4.40000000025975e-05,Lysine metabolism,mfn1v10path166,52,Matched.Compound,Glutamic acid,0.000116605,1.04,FALSE,146.04588
146.08119,C03239,M+H [1+],1.39999999930751e-05,Lysine metabolism,mfn1v10path166,52,Matched.Compound,2-Keto-6-aminocaproate,0.000364995,-1.29,TRUE,146.08119
146.08119,C04076,M+H [1+],1.39999999930751e-05,Lysine metabolism,mfn1v10path166,52,Matched.Compound,Allysine,0.000364995,-1.29,TRUE,146.08119
146.11757,C05543,M+H [1+],1.5269100003934e-05,Lysine metabolism,mfn1v10path166,52,Matched.Compound,C05543,9.01e-05,-0.96,TRUE,146.11757
148.06045,C00025,M+H [1+],2.59999999911997e-05,Lysine metabolism,mfn1v10path166,52,Matched.Compound,Glutamic acid,0.001100992,-0.39,TRUE,148.06045
160.06152,C00956,M-H [1-],4.00000001832268e-06,Lysine metabolism,mfn1v10path166,52,Matched.Compound,Aminoadipic acid,0.146302062,-0.29,FALSE,160.06152
160.06153,C00956,M-H [1-],5.99999998485146e-06,Lysine metabolism,mfn1v10path166,52,Matched.Compound,Aminoadipic acid,0.957769015,-0.01,FALSE,160.06153
162.0761,C00956,M+H [1+],2.39999999962492e-05,Lysine metabolism,mfn1v10path166,52,Matched.Compound,Aminoadipic acid,3.05e-05,-0.9,TRUE,162.0761
162.11245,C00318,M+H [1+],2.59999999911997e-05,Lysine metabolism,mfn1v10path166,52,Matched.Compound,C00318,9.11e-05,-0.88,TRUE,162.11245
175.14409,C05545,M+H [1+],1.38323999863132e-05,Lysine metabolism,mfn1v10path166,52,Matched.Compound,"Protein N6,N6-dimethyl-L-lysine",0.111665731,-1.08,TRUE,175.14409
188.05644,C00579,M-H2O-H [1-],0.000369999999975335,Lysine metabolism,mfn1v10path166,52,Matched.Compound,Dihydrolipoamide,0.024668127,-0.4,FALSE,188.05644
189.15974,C03793,M+H [1+],3.59999999943739e-05,Lysine metabolism,mfn1v10path166,52,Matched.Compound,"N6,N6,N6-Trimethyl-L-lysine",0.002467356,-0.91,TRUE,189.15974
346.05571,C00020,M-H [1-],0.000114000000053238,Lysine metabolism,mfn1v10path166,52,Matched.Compound,Adenosine monophosphate,1.28e-05,-1.39,FALSE,346.05571
399.14455,C00019,M+H [1+],7.39999999836982e-05,Lysine metabolism,mfn1v10path166,52,Matched.Compound,S-Adenosylmethionine,3e-05,-0.82,TRUE,399.14455
76.03932,C00037,M+H [1+],4.40000000025975e-05,Lysine metabolism,mfn1v10path166,52,Matched.Compound,Glycine,0.326905645,-0.13,TRUE,76.03932
766.1079,C00010,M-H [1-],2.39999999394058e-05,Lysine metabolism,mfn1v10path166,52,Matched.Compound,Coenzyme A,0.003192,-1.2,FALSE,766.1079
784.1499,C00016,M-H [1-],7.60000000354921e-05,Lysine metabolism,mfn1v10path166,52,Matched.Compound,FAD,0.0003438,-1.11,FALSE,784.1499
104.03532,C00065,M-H [1-],3.99999998990097e-06,Methionine and cysteine metabolism,mfn1v10path167,94,Matched.Compound,Serine,0.497848408,0.16,FALSE,104.03532
110.02702,C00519,M+H [1+],4.39999999883867e-05,Methionine and cysteine metabolism,mfn1v10path167,94,Matched.Compound,Hypotaurine,1.45e-05,-0.97,TRUE,110.02702
112.93727,C05529,M-H [1-],4.5999999997548e-05,Methionine and cysteine metabolism,mfn1v10path167,94,Matched.Compound,C05529,0.151361075,-0.92,FALSE,112.93727
124.00741,C00245,M-H [1-],1.4000000007286e-05,Methionine and cysteine metabolism,mfn1v10path167,94,Matched.Compound,Taurine,4.92e-05,-0.78,FALSE,124.00741
145.01429,C00026,M-H [1-],6.59999999754746e-05,Methionine and cysteine metabolism,mfn1v10path167,94,Matched.Compound,Oxoglutaric acid,1.02e-06,-1.31,FALSE,145.01429
146.04588,C00025,M-H [1-],4.40000000025975e-05,Methionine and cysteine metabolism,mfn1v10path167,94,Matched.Compound,Glutamic acid,0.000116605,1.04,FALSE,146.04588
146.04588,C00302,M-H [1-],4.40000000025975e-05,Methionine and cysteine metabolism,mfn1v10path167,94,Matched.Compound,DL-Glutamate,0.000116605,1.04,FALSE,146.04588
148.06045,C00025,M+H [1+],2.59999999911997e-05,Methionine and cysteine metabolism,mfn1v10path167,94,Matched.Compound,Glutamic acid,0.001100992,-0.39,TRUE,148.06045
148.06045,C00302,M+H [1+],2.59999999911997e-05,Methionine and cysteine metabolism,mfn1v10path167,94,Matched.Compound,DL-Glutamate,0.001100992,-0.39,TRUE,148.06045
152.00231,C00606,M-H [1-],1.40000000214968e-05,Methionine and cysteine metabolism,mfn1v10path167,94,Matched.Compound,3-Sulfinoalanine,0.318504677,-0.32,FALSE,152.00231
190.05435,C02712,M-H [1-],2.59999999911997e-05,Methionine and cysteine metabolism,mfn1v10path167,94,Matched.Compound,N-Acetyl-L-methionine,4.01e-06,1.8,FALSE,190.05435
235.03943,C05844,M-H2O-H [1-],0.000520000000022947,Methionine and cysteine metabolism,mfn1v10path167,94,Matched.Compound,5-L-Glutamyl-taurine,0.144676004,-0.48,FALSE,235.03943
253.04997,C05844,M-H [1-],5.40000000057717e-05,Methionine and cysteine metabolism,mfn1v10path167,94,Matched.Compound,5-L-Glutamyl-taurine,1.74e-05,-1.04,FALSE,253.04997
268.104,C00212,M+H [1+],7.59999999786487e-05,Methionine and cysteine metabolism,mfn1v10path167,94,Matched.Compound,Adenosine,0.011287244,-0.68,TRUE,268.104
298.09686,C00170,M+H [1+],1.60000000164473e-05,Methionine and cysteine metabolism,mfn1v10path167,94,Matched.Compound,5'-Methylthioadenosine,0.000187727,-0.52,TRUE,298.09686
306.07649,C00051,M-H [1-],3.40000000278451e-05,Methionine and cysteine metabolism,mfn1v10path167,94,Matched.Compound,Glutathione,3.87e-05,-1.43,FALSE,306.07649
346.05571,C00020,M-H [1-],0.000114000000053238,Methionine and cysteine metabolism,mfn1v10path167,94,Matched.Compound,Adenosine monophosphate,1.28e-05,-1.39,FALSE,346.05571
399.14455,C00019,M+H [1+],7.39999999836982e-05,Methionine and cysteine metabolism,mfn1v10path167,94,Matched.Compound,S-Adenosylmethionine,3e-05,-0.82,TRUE,399.14455
426.02206,C00054,M-H [1-],6.40000000089458e-05,Methionine and cysteine metabolism,mfn1v10path167,94,Matched.Compound,"Adenosine 3',5'-diphosphate",0.000785849,-1.11,FALSE,426.02206
613.15941,C00127,M+H [1+],0.000133999999889056,Methionine and cysteine metabolism,mfn1v10path167,94,Matched.Compound,Oxidized glutathione,5.47e-05,-1.8,TRUE,613.15941
613.15942,C00127,M+H [1+],0.000143999999863809,Methionine and cysteine metabolism,mfn1v10path167,94,Matched.Compound,Oxidized glutathione,0.01612591,-0.75,TRUE,613.15942
76.03932,C00037,M+H [1+],4.40000000025975e-05,Methionine and cysteine metabolism,mfn1v10path167,94,Matched.Compound,Glycine,0.326905645,-0.13,TRUE,76.03932
766.1079,C00010,M-H [1-],2.39999999394058e-05,Methionine and cysteine metabolism,mfn1v10path167,94,Matched.Compound,Coenzyme A,0.003192,-1.2,FALSE,766.1079
808.11823,C00024,M-H [1-],0.000293999999939842,Methionine and cysteine metabolism,mfn1v10path167,94,Matched.Compound,Acetyl-CoA,0.001821828,-0.79,FALSE,808.11823
87.00877,C00022,M-H [1-],4.5999999997548e-05,Methionine and cysteine metabolism,mfn1v10path167,94,Matched.Compound,Pyruvic acid,0.000431622,-1.44,FALSE,87.00877
346.05571,C00020,M-H [1-],0.000114000000053238,Mono-unsaturated fatty acid beta-oxidation,mfn1v10path168,19,Matched.Compound,Adenosine monophosphate,1.28e-05,-1.39,FALSE,346.05571
766.1079,C00010,M-H [1-],2.39999999394058e-05,Mono-unsaturated fatty acid beta-oxidation,mfn1v10path168,19,Matched.Compound,Coenzyme A,0.003192,-1.2,FALSE,766.1079
784.1499,C00016,M-H [1-],7.60000000354921e-05,Mono-unsaturated fatty acid beta-oxidation,mfn1v10path168,19,Matched.Compound,FAD,0.0003438,-1.11,FALSE,784.1499
808.11823,C00024,M-H [1-],0.000293999999939842,Mono-unsaturated fatty acid beta-oxidation,mfn1v10path168,19,Matched.Compound,Acetyl-CoA,0.001821828,-0.79,FALSE,808.11823
179.0561,C00031,M-H [1-],2.4000000024671e-05,N-Glycan biosynthesis,mfn1v10path170,48,Matched.Compound,D-Glucose,5.03e-05,-1.3,FALSE,179.0561
179.0561,C00159,M-H [1-],2.4000000024671e-05,N-Glycan biosynthesis,mfn1v10path170,48,Matched.Compound,D-Mannose,5.03e-05,-1.3,FALSE,179.0561
179.05612,C00031,M-H [1-],4.00000001832268e-06,N-Glycan biosynthesis,mfn1v10path170,48,Matched.Compound,D-Glucose,0.278443464,-0.46,FALSE,179.05612
179.05612,C00159,M-H [1-],4.00000001832268e-06,N-Glycan biosynthesis,mfn1v10path170,48,Matched.Compound,D-Mannose,0.278443464,-0.46,FALSE,179.05612
241.01188,C03862,M-H2O-H [1-],0.000546000000014146,N-Glycan biosynthesis,mfn1v10path170,48,Matched.Compound,Dolichyl phosphate D-mannose,0.000152822,-1.33,FALSE,241.01188
259.02242,C03862,M-H [1-],2.79999999861502e-05,N-Glycan biosynthesis,mfn1v10path170,48,Matched.Compound,Dolichyl phosphate D-mannose,2.14e-06,-1.85,FALSE,259.02242
259.02243,C03862,M-H [1-],1.80000000113978e-05,N-Glycan biosynthesis,mfn1v10path170,48,Matched.Compound,Dolichyl phosphate D-mannose,0.312254134,-0.36,FALSE,259.02243
304.03401,C00055,M-H2O-H [1-],0.00050000000004502,N-Glycan biosynthesis,mfn1v10path170,48,Matched.Compound,Cytidine monophosphate,0.139681717,-0.47,FALSE,304.03401
305.01805,C00105,M-H2O-H [1-],0.000540000000000873,N-Glycan biosynthesis,mfn1v10path170,48,Matched.Compound,Uridine 5'-monophosphate,0.210146922,-1.01,FALSE,305.01805
305.01807,C00105,M-H2O-H [1-],0.000560000000007221,N-Glycan biosynthesis,mfn1v10path170,48,Matched.Compound,Uridine 5'-monophosphate,0.399709785,-0.13,FALSE,305.01807
323.02862,C00105,M-H [1-],4.00000004674439e-06,N-Glycan biosynthesis,mfn1v10path170,48,Matched.Compound,Uridine 5'-monophosphate,0.001547081,-0.85,FALSE,323.02862
402.01086,C00112,M-H [1-],6.40000000089458e-05,N-Glycan biosynthesis,mfn1v10path170,48,Matched.Compound,CDP,0.002594529,-0.75,FALSE,402.01086
402.99482,C00015,M-H [1-],0.000104000000021642,N-Glycan biosynthesis,mfn1v10path170,48,Matched.Compound,Uridine 5'-diphosphate,0.000392552,-1.05,FALSE,402.99482
442.01703,C00035,M-H [1-],5.99999998485146e-06,N-Glycan biosynthesis,mfn1v10path170,48,Matched.Compound,Guanosine diphosphate,3.77e-05,-1.1,FALSE,442.01703
481.97723,C00063,M-H [1-],5.99999998485146e-06,N-Glycan biosynthesis,mfn1v10path170,48,Matched.Compound,Cytidine triphosphate,0.003579543,-0.5,FALSE,481.97723
565.04754,C00029,M-H [1-],0.000183999999876505,N-Glycan biosynthesis,mfn1v10path170,48,Matched.Compound,Uridine diphosphate glucose,0.000220563,-0.69,FALSE,565.04754
565.04754,C00052,M-H [1-],0.000183999999876505,N-Glycan biosynthesis,mfn1v10path170,48,Matched.Compound,Uridine diphosphategalactose,0.000220563,-0.69,FALSE,565.04754
586.05929,C00096,M-H2O-H [1-],0.000480000000038672,N-Glycan biosynthesis,mfn1v10path170,48,Matched.Compound,Guanosine diphosphate mannose,0.099844735,-1.34,FALSE,586.05929
588.07495,C00325,M-H [1-],2.60000000480431e-05,N-Glycan biosynthesis,mfn1v10path170,48,Matched.Compound,GDP-L-fucose,1.29e-05,-1.17,FALSE,588.07495
604.06993,C00096,M-H [1-],6.00000009853829e-06,N-Glycan biosynthesis,mfn1v10path170,48,Matched.Compound,Guanosine diphosphate mannose,0.234610334,-0.21,FALSE,604.06993
606.07411,C00043,M-H [1-],0.000213999999914449,N-Glycan biosynthesis,mfn1v10path170,48,Matched.Compound,Uridine diphosphate-N-acetylglucosamine,1.54e-05,-1.31,FALSE,606.07411
179.0561,C00124,M-H [1-],2.4000000024671e-05,N-Glycan Degradation,mfn1v10path169,16,Matched.Compound,D-Galactose,5.03e-05,-1.3,FALSE,179.0561
179.0561,C00159,M-H [1-],2.4000000024671e-05,N-Glycan Degradation,mfn1v10path169,16,Matched.Compound,D-Mannose,5.03e-05,-1.3,FALSE,179.0561
179.05612,C00124,M-H [1-],4.00000001832268e-06,N-Glycan Degradation,mfn1v10path169,16,Matched.Compound,D-Galactose,0.278443464,-0.46,FALSE,179.05612
179.05612,C00159,M-H [1-],4.00000001832268e-06,N-Glycan Degradation,mfn1v10path169,16,Matched.Compound,D-Mannose,0.278443464,-0.46,FALSE,179.05612
308.09872,C00270,M-H [1-],3.99999998990097e-06,N-Glycan Degradation,mfn1v10path169,16,Matched.Compound,N-Acetylneuraminate,1.96e-05,-1.45,FALSE,308.09872
131.04623,C00152,M-H [1-],5.99999998485146e-06,Nitrogen metabolism,mfn1v10path171,6,Matched.Compound,L-Asparagine,0.410848838,0.28,FALSE,131.04623
132.03023,C00049,M-H [1-],5.99999998485146e-06,Nitrogen metabolism,mfn1v10path171,6,Matched.Compound,L-Aspartic acid,4.41e-07,2.78,FALSE,132.03023
146.04588,C00025,M-H [1-],4.40000000025975e-05,Nitrogen metabolism,mfn1v10path171,6,Matched.Compound,Glutamic acid,0.000116605,1.04,FALSE,146.04588
147.07642,C00064,M+H [1+],4.40000000310192e-05,Nitrogen metabolism,mfn1v10path171,6,Matched.Compound,Glutamine,0.854322998,0.14,TRUE,147.07642
148.06045,C00025,M+H [1+],2.59999999911997e-05,Nitrogen metabolism,mfn1v10path171,6,Matched.Compound,Glutamic acid,0.001100992,-0.39,TRUE,148.06045
241.01188,C00103,M-H2O-H [1-],0.000570000000010396,Nucleotide Sugar Metabolism,mfn1v10path172,7,Matched.Compound,Glucose 1-phosphate,0.000152822,-1.33,FALSE,241.01188
259.02242,C00103,M-H [1-],3.99999998990097e-06,Nucleotide Sugar Metabolism,mfn1v10path172,7,Matched.Compound,Glucose 1-phosphate,2.14e-06,-1.85,FALSE,259.02242
259.02243,C00103,M-H [1-],5.99999998485146e-06,Nucleotide Sugar Metabolism,mfn1v10path172,7,Matched.Compound,Glucose 1-phosphate,0.312254134,-0.36,FALSE,259.02243
480.98195,C00459,M-H [1-],7.40000000405416e-05,Nucleotide Sugar Metabolism,mfn1v10path172,7,Matched.Compound,Thymidine 5'-triphosphate,0.000463661,-1.14,FALSE,480.98195
535.03714,C00190,M-H [1-],8.39999999016072e-05,Nucleotide Sugar Metabolism,mfn1v10path172,7,Matched.Compound,Cotinine glucuronide,5.86e-06,-1.94,FALSE,535.03714
579.02681,C00167,M-H [1-],0.000214000000028136,Nucleotide Sugar Metabolism,mfn1v10path172,7,Matched.Compound,Uridine diphosphate glucuronic acid,6.6e-05,-1.75,FALSE,579.02681
304.03401,C00055,M-H2O-H [1-],0.00050000000004502,O-Glycan biosynthesis,mfn1v10path173,16,Matched.Compound,Cytidine monophosphate,0.139681717,-0.47,FALSE,304.03401
402.99482,C00015,M-H [1-],0.000104000000021642,O-Glycan biosynthesis,mfn1v10path173,16,Matched.Compound,Uridine 5'-diphosphate,0.000392552,-1.05,FALSE,402.99482
565.04754,C00052,M-H [1-],0.000183999999876505,O-Glycan biosynthesis,mfn1v10path173,16,Matched.Compound,Uridine diphosphategalactose,0.000220563,-0.69,FALSE,565.04754
606.07411,C00203,M-H [1-],0.000213999999914449,O-Glycan biosynthesis,mfn1v10path173,16,Matched.Compound,Uridine diphosphate-N-acetylgalactosamine,1.54e-05,-1.31,FALSE,606.07411
606.07411,C00043,M-H [1-],0.000213999999914449,O-Glycan biosynthesis,mfn1v10path173,16,Matched.Compound,Uridine diphosphate-N-acetylglucosamine,1.54e-05,-1.31,FALSE,606.07411
346.05571,C00020,M-H [1-],0.000114000000053238,Omega-3 fatty acid metabolism,mfn1v10path174,39,Matched.Compound,Adenosine monophosphate,1.28e-05,-1.39,FALSE,346.05571
766.1079,C00010,M-H [1-],2.39999999394058e-05,Omega-3 fatty acid metabolism,mfn1v10path174,39,Matched.Compound,Coenzyme A,0.003192,-1.2,FALSE,766.1079
808.11823,C00024,M-H [1-],0.000293999999939842,Omega-3 fatty acid metabolism,mfn1v10path174,39,Matched.Compound,Acetyl-CoA,0.001821828,-0.79,FALSE,808.11823
346.05571,C00020,M-H [1-],0.000114000000053238,Omega-6 fatty acid metabolism,mfn1v10path175,55,Matched.Compound,Adenosine monophosphate,1.28e-05,-1.39,FALSE,346.05571
766.1079,C00010,M-H [1-],2.39999999394058e-05,Omega-6 fatty acid metabolism,mfn1v10path175,55,Matched.Compound,Coenzyme A,0.003192,-1.2,FALSE,766.1079
808.11823,C00024,M-H [1-],0.000293999999939842,Omega-6 fatty acid metabolism,mfn1v10path175,55,Matched.Compound,Acetyl-CoA,0.001821828,-0.79,FALSE,808.11823
195.05101,C00800,M-H [1-],1.40000000214968e-05,Pentose and Glucuronate Interconversions,mfn1v10path177,15,Matched.Compound,Gulonic acid,0.001226582,0.58,FALSE,195.05101
195.05102,C00800,M-H [1-],4.00000001832268e-06,Pentose and Glucuronate Interconversions,mfn1v10path177,15,Matched.Compound,Gulonic acid,7.46e-10,-6.19,FALSE,195.05102
211.00131,C00231,M-H2O-H [1-],0.000499999999988177,Pentose and Glucuronate Interconversions,mfn1v10path177,15,Matched.Compound,Xylulose 5-phosphate,0.383876898,-0.16,FALSE,211.00131
229.01187,C00231,M-H [1-],5.40000000341934e-05,Pentose and Glucuronate Interconversions,mfn1v10path177,15,Matched.Compound,Xylulose 5-phosphate,0.003007689,-1.04,FALSE,229.01187
229.01187,C00199,M-H [1-],5.40000000341934e-05,Pentose and Glucuronate Interconversions,mfn1v10path177,15,Matched.Compound,D-Ribulose 5-phosphate,0.003007689,-1.04,FALSE,229.01187
254.99108,C05385,M-H2O-H [1-],0.000470000000007076,Pentose and Glucuronate Interconversions,mfn1v10path177,15,Matched.Compound,D-Glucuronic acid 1-phosphate,1.94e-05,-1.01,FALSE,254.99108
273.00164,C05385,M-H [1-],8.40000000152941e-05,Pentose and Glucuronate Interconversions,mfn1v10path177,15,Matched.Compound,D-Glucuronic acid 1-phosphate,0.006958373,0.55,FALSE,273.00164
305.01805,C00105,M-H2O-H [1-],0.000540000000000873,Pentose and Glucuronate Interconversions,mfn1v10path177,15,Matched.Compound,Uridine 5'-monophosphate,0.210146922,-1.01,FALSE,305.01805
305.01807,C00105,M-H2O-H [1-],0.000560000000007221,Pentose and Glucuronate Interconversions,mfn1v10path177,15,Matched.Compound,Uridine 5'-monophosphate,0.399709785,-0.13,FALSE,305.01807
323.02862,C00105,M-H [1-],4.00000004674439e-06,Pentose and Glucuronate Interconversions,mfn1v10path177,15,Matched.Compound,Uridine 5'-monophosphate,0.001547081,-0.85,FALSE,323.02862
402.99482,C00015,M-H [1-],0.000104000000021642,Pentose and Glucuronate Interconversions,mfn1v10path177,15,Matched.Compound,Uridine 5'-diphosphate,0.000392552,-1.05,FALSE,402.99482
579.02681,C00167,M-H [1-],0.000214000000028136,Pentose and Glucuronate Interconversions,mfn1v10path177,15,Matched.Compound,Uridine diphosphate glucuronic acid,6.6e-05,-1.75,FALSE,579.02681
133.05064,C01801,M-H [1-],1.59999999880256e-05,Pentose phosphate pathway,mfn1v10path178,37,Matched.Compound,Deoxyribose,0.002262354,-0.7,FALSE,133.05064
168.99075,C00661,M-H [1-],2.59999999911997e-05,Pentose phosphate pathway,mfn1v10path178,37,Matched.Compound,C00661,0.916146696,0.07,FALSE,168.99075
168.99075,C00111,M-H [1-],2.59999999911997e-05,Pentose phosphate pathway,mfn1v10path178,37,Matched.Compound,Dihydroxyacetone phosphate,0.916146696,0.07,FALSE,168.99075
168.99075,C00118,M-H [1-],2.59999999911997e-05,Pentose phosphate pathway,mfn1v10path178,37,Matched.Compound,Glyceraldehyde 3-phosphate,0.916146696,0.07,FALSE,168.99075
179.0561,C00221,M-H [1-],2.4000000024671e-05,Pentose phosphate pathway,mfn1v10path178,37,Matched.Compound,beta-D-Glucose,5.03e-05,-1.3,FALSE,179.0561
179.05612,C00221,M-H [1-],4.00000001832268e-06,Pentose phosphate pathway,mfn1v10path178,37,Matched.Compound,beta-D-Glucose,0.278443464,-0.46,FALSE,179.05612
195.05101,C00257,M-H [1-],1.40000000214968e-05,Pentose phosphate pathway,mfn1v10path178,37,Matched.Compound,Gluconic acid,0.001226582,0.58,FALSE,195.05101
195.05102,C00257,M-H [1-],4.00000001832268e-06,Pentose phosphate pathway,mfn1v10path178,37,Matched.Compound,Gluconic acid,7.46e-10,-6.19,FALSE,195.05102
211.00131,C00231,M-H2O-H [1-],0.000499999999988177,Pentose phosphate pathway,mfn1v10path178,37,Matched.Compound,Xylulose 5-phosphate,0.383876898,-0.16,FALSE,211.00131
211.00131,C00117,M-H2O-H [1-],0.000499999999988177,Pentose phosphate pathway,mfn1v10path178,37,Matched.Compound,D-Ribose 5-phosphate,0.383876898,-0.16,FALSE,211.00131
211.00131,C00620,M-H2O-H [1-],0.000499999999988177,Pentose phosphate pathway,mfn1v10path178,37,Matched.Compound,Ribose 1-phosphate,0.383876898,-0.16,FALSE,211.00131
229.01187,C01101,M-H [1-],5.40000000341934e-05,Pentose phosphate pathway,mfn1v10path178,37,Matched.Compound,L-Ribulose 5-phosphate,0.003007689,-1.04,FALSE,229.01187
229.01187,C00231,M-H [1-],5.40000000341934e-05,Pentose phosphate pathway,mfn1v10path178,37,Matched.Compound,Xylulose 5-phosphate,0.003007689,-1.04,FALSE,229.01187
229.01187,C00117,M-H [1-],5.40000000341934e-05,Pentose phosphate pathway,mfn1v10path178,37,Matched.Compound,D-Ribose 5-phosphate,0.003007689,-1.04,FALSE,229.01187
229.01187,C00442,M-H [1-],4.00000001832268e-06,Pentose phosphate pathway,mfn1v10path178,37,Matched.Compound,C00442,0.003007689,-1.04,FALSE,229.01187
229.01187,C00620,M-H [1-],5.40000000341934e-05,Pentose phosphate pathway,mfn1v10path178,37,Matched.Compound,Ribose 1-phosphate,0.003007689,-1.04,FALSE,229.01187
229.01187,C00199,M-H [1-],5.40000000341934e-05,Pentose phosphate pathway,mfn1v10path178,37,Matched.Compound,D-Ribulose 5-phosphate,0.003007689,-1.04,FALSE,229.01187
241.01188,C05345,M-H2O-H [1-],0.000570000000010396,Pentose phosphate pathway,mfn1v10path178,37,Matched.Compound,Beta-D-Fructose 6-phosphate,0.000152822,-1.33,FALSE,241.01188
241.01188,C00092,M-H2O-H [1-],0.000570000000010396,Pentose phosphate pathway,mfn1v10path178,37,Matched.Compound,Glucose 6-phosphate,0.000152822,-1.33,FALSE,241.01188
241.01188,C00085,M-H2O-H [1-],0.000570000000010396,Pentose phosphate pathway,mfn1v10path178,37,Matched.Compound,Fructose 6-phosphate,0.000152822,-1.33,FALSE,241.01188
241.01188,C01172,M-H2O-H [1-],0.000570000000010396,Pentose phosphate pathway,mfn1v10path178,37,Matched.Compound,beta-D-Glucose 6-phosphate,0.000152822,-1.33,FALSE,241.01188
258.03842,C12214,M-H [1-],4.00000004674439e-06,Pentose phosphate pathway,mfn1v10path178,37,Matched.Compound,Aminofructose 6-phosphate,1.16e-06,-1.7,FALSE,258.03842
259.02136,C01236,M+H [1+],1.59999999596039e-05,Pentose phosphate pathway,mfn1v10path178,37,Matched.Compound,6-Phosphonoglucono-D-lactone,0.004126364,-1.94,TRUE,259.02136
259.02136,C00345,M-H2O+H [1+],8.35332299971014e-05,Pentose phosphate pathway,mfn1v10path178,37,Matched.Compound,6-Phosphogluconic acid,0.004126364,-1.94,TRUE,259.02136
259.02242,C05345,M-H [1-],3.99999998990097e-06,Pentose phosphate pathway,mfn1v10path178,37,Matched.Compound,Beta-D-Fructose 6-phosphate,2.14e-06,-1.85,FALSE,259.02242
259.02242,C00092,M-H [1-],3.99999998990097e-06,Pentose phosphate pathway,mfn1v10path178,37,Matched.Compound,Glucose 6-phosphate,2.14e-06,-1.85,FALSE,259.02242
259.02242,C00085,M-H [1-],3.99999998990097e-06,Pentose phosphate pathway,mfn1v10path178,37,Matched.Compound,Fructose 6-phosphate,2.14e-06,-1.85,FALSE,259.02242
259.02242,C01172,M-H [1-],3.99999998990097e-06,Pentose phosphate pathway,mfn1v10path178,37,Matched.Compound,beta-D-Glucose 6-phosphate,2.14e-06,-1.85,FALSE,259.02242
259.02243,C05345,M-H [1-],5.99999998485146e-06,Pentose phosphate pathway,mfn1v10path178,37,Matched.Compound,Beta-D-Fructose 6-phosphate,0.312254134,-0.36,FALSE,259.02243
259.02243,C00092,M-H [1-],5.99999998485146e-06,Pentose phosphate pathway,mfn1v10path178,37,Matched.Compound,Glucose 6-phosphate,0.312254134,-0.36,FALSE,259.02243
259.02243,C00085,M-H [1-],5.99999998485146e-06,Pentose phosphate pathway,mfn1v10path178,37,Matched.Compound,Fructose 6-phosphate,0.312254134,-0.36,FALSE,259.02243
259.02243,C01172,M-H [1-],5.99999998485146e-06,Pentose phosphate pathway,mfn1v10path178,37,Matched.Compound,beta-D-Glucose 6-phosphate,0.312254134,-0.36,FALSE,259.02243
273.00164,C01218,M-H [1-],8.40000000152941e-05,Pentose phosphate pathway,mfn1v10path178,37,Matched.Compound,6-Phospho-2-dehydro-D-gluconate,0.006958373,0.55,FALSE,273.00164
275.01735,C00345,M-H [1-],2.59999999911997e-05,Pentose phosphate pathway,mfn1v10path178,37,Matched.Compound,6-Phosphogluconic acid,0.004771769,-1.87,FALSE,275.01735
289.03301,C06222,M-H [1-],1.40000000214968e-05,Pentose phosphate pathway,mfn1v10path178,37,Matched.Compound,Sedoheptulose 1-phosphate,0.003648708,-1.77,FALSE,289.03301
289.03301,C00281,M-H [1-],2.99999999242573e-06,Pentose phosphate pathway,mfn1v10path178,37,Matched.Compound,C00281,0.003648708,-1.77,FALSE,289.03301
289.03301,C05382,M-H [1-],1.40000000214968e-05,Pentose phosphate pathway,mfn1v10path178,37,Matched.Compound,D-Sedoheptulose 7-phosphate,0.003648708,-1.77,FALSE,289.03301
346.05571,C00020,M-H [1-],0.000114000000053238,Pentose phosphate pathway,mfn1v10path178,37,Matched.Compound,Adenosine monophosphate,1.28e-05,-1.39,FALSE,346.05571
558.06425,C00301,M-H [1-],0.000173999999901753,Pentose phosphate pathway,mfn1v10path178,37,Matched.Compound,Adenosine diphosphate ribose,0.000225197,-0.77,FALSE,558.06425
560.07915,C00301,M+H [1+],0.00017400000001544,Pentose phosphate pathway,mfn1v10path178,37,Matched.Compound,Adenosine diphosphate ribose,2.83e-06,-1.73,TRUE,560.07915
179.0561,C00137,M-H [1-],2.4000000024671e-05,Phosphatidylinositol phosphate metabolism,mfn1v10path179,59,Matched.Compound,myo-Inositol,5.03e-05,-1.3,FALSE,179.0561
179.0561,C00124,M-H [1-],2.4000000024671e-05,Phosphatidylinositol phosphate metabolism,mfn1v10path179,59,Matched.Compound,D-Galactose,5.03e-05,-1.3,FALSE,179.0561
179.05612,C00137,M-H [1-],4.00000001832268e-06,Phosphatidylinositol phosphate metabolism,mfn1v10path179,59,Matched.Compound,myo-Inositol,0.278443464,-0.46,FALSE,179.05612
179.05612,C00124,M-H [1-],4.00000001832268e-06,Phosphatidylinositol phosphate metabolism,mfn1v10path179,59,Matched.Compound,D-Galactose,0.278443464,-0.46,FALSE,179.05612
241.01188,C04006,M-H2O-H [1-],0.000570000000010396,Phosphatidylinositol phosphate metabolism,mfn1v10path179,59,Matched.Compound,myo-Inositol 1-phosphate,0.000152822,-1.33,FALSE,241.01188
241.01188,C03546,M-H2O-H [1-],0.000570000000010396,Phosphatidylinositol phosphate metabolism,mfn1v10path179,59,Matched.Compound,D-myo-Inositol 4-phosphate,0.000152822,-1.33,FALSE,241.01188
241.01188,C00092,M-H2O-H [1-],0.000570000000010396,Phosphatidylinositol phosphate metabolism,mfn1v10path179,59,Matched.Compound,Glucose 6-phosphate,0.000152822,-1.33,FALSE,241.01188
241.01188,C04299,M-H [1-],4.40000000310192e-05,Phosphatidylinositol phosphate metabolism,mfn1v10path179,59,Matched.Compound,Inositol cyclic phosphate,0.000152822,-1.33,FALSE,241.01188
241.01188,C01177,M-H2O-H [1-],0.000570000000010396,Phosphatidylinositol phosphate metabolism,mfn1v10path179,59,Matched.Compound,myo-Inositol 6-phosphate,0.000152822,-1.33,FALSE,241.01188
241.01188,C03862,M-H2O-H [1-],0.000546000000014146,Phosphatidylinositol phosphate metabolism,mfn1v10path179,59,Matched.Compound,Dolichyl phosphate D-mannose,0.000152822,-1.33,FALSE,241.01188
255.23295,C00249,M-H [1-],2.5999999962778e-05,Phosphatidylinositol phosphate metabolism,mfn1v10path179,59,Matched.Compound,Palmitic acid,0.17605372,1.17,FALSE,255.23295
259.02242,C04006,M-H [1-],3.99999998990097e-06,Phosphatidylinositol phosphate metabolism,mfn1v10path179,59,Matched.Compound,myo-Inositol 1-phosphate,2.14e-06,-1.85,FALSE,259.02242
259.02242,C03546,M-H [1-],3.99999998990097e-06,Phosphatidylinositol phosphate metabolism,mfn1v10path179,59,Matched.Compound,D-myo-Inositol 4-phosphate,2.14e-06,-1.85,FALSE,259.02242
259.02242,C00092,M-H [1-],3.99999998990097e-06,Phosphatidylinositol phosphate metabolism,mfn1v10path179,59,Matched.Compound,Glucose 6-phosphate,2.14e-06,-1.85,FALSE,259.02242
259.02242,C01177,M-H [1-],3.99999998990097e-06,Phosphatidylinositol phosphate metabolism,mfn1v10path179,59,Matched.Compound,myo-Inositol 6-phosphate,2.14e-06,-1.85,FALSE,259.02242
259.02242,C03862,M-H [1-],2.79999999861502e-05,Phosphatidylinositol phosphate metabolism,mfn1v10path179,59,Matched.Compound,Dolichyl phosphate D-mannose,2.14e-06,-1.85,FALSE,259.02242
259.02243,C04006,M-H [1-],5.99999998485146e-06,Phosphatidylinositol phosphate metabolism,mfn1v10path179,59,Matched.Compound,myo-Inositol 1-phosphate,0.312254134,-0.36,FALSE,259.02243
259.02243,C03546,M-H [1-],5.99999998485146e-06,Phosphatidylinositol phosphate metabolism,mfn1v10path179,59,Matched.Compound,D-myo-Inositol 4-phosphate,0.312254134,-0.36,FALSE,259.02243
259.02243,C00092,M-H [1-],5.99999998485146e-06,Phosphatidylinositol phosphate metabolism,mfn1v10path179,59,Matched.Compound,Glucose 6-phosphate,0.312254134,-0.36,FALSE,259.02243
259.02243,C01177,M-H [1-],5.99999998485146e-06,Phosphatidylinositol phosphate metabolism,mfn1v10path179,59,Matched.Compound,myo-Inositol 6-phosphate,0.312254134,-0.36,FALSE,259.02243
259.02243,C03862,M-H [1-],1.80000000113978e-05,Phosphatidylinositol phosphate metabolism,mfn1v10path179,59,Matched.Compound,Dolichyl phosphate D-mannose,0.312254134,-0.36,FALSE,259.02243
304.03401,C00055,M-H2O-H [1-],0.00050000000004502,Phosphatidylinositol phosphate metabolism,mfn1v10path179,59,Matched.Compound,Cytidine monophosphate,0.139681717,-0.47,FALSE,304.03401
333.05926,C01225,M-H [1-],3.59999999659522e-05,Phosphatidylinositol phosphate metabolism,mfn1v10path179,59,Matched.Compound,Glycerophosphoinositol,4.83e-05,-1.06,FALSE,333.05926
338.98866,C01220,M-H [1-],6.40000000089458e-05,Phosphatidylinositol phosphate metabolism,mfn1v10path179,59,Matched.Compound,"D-myo-Inositol 1,4-bisphosphate",7.79e-05,-1.11,FALSE,338.98866
338.98866,C04063,M-H [1-],6.40000000089458e-05,Phosphatidylinositol phosphate metabolism,mfn1v10path179,59,Matched.Compound,"D-myo-Inositol 3,4-bisphosphate",7.79e-05,-1.11,FALSE,338.98866
338.98866,C04062,M-H [1-],6.40000000089458e-05,Phosphatidylinositol phosphate metabolism,mfn1v10path179,59,Matched.Compound,"D-myo-Inositol 1,3-bisphosphate",7.79e-05,-1.11,FALSE,338.98866
341.10885,C01235,M-H [1-],7.39999999836982e-05,Phosphatidylinositol phosphate metabolism,mfn1v10path179,59,Matched.Compound,beta-Cortol,1.01e-05,-3.47,FALSE,341.10885
343.12352,C01235,M+H [1+],4.40000000025975e-05,Phosphatidylinositol phosphate metabolism,mfn1v10path179,59,Matched.Compound,beta-Cortol,0.167926245,-0.65,TRUE,343.12352
402.99482,C00015,M-H [1-],0.000104000000021642,Phosphatidylinositol phosphate metabolism,mfn1v10path179,59,Matched.Compound,Uridine 5'-diphosphate,0.000392552,-1.05,FALSE,402.99482
606.07411,C00043,M-H [1-],0.000213999999914449,Phosphatidylinositol phosphate metabolism,mfn1v10path179,59,Matched.Compound,Uridine diphosphate-N-acetylglucosamine,1.54e-05,-1.31,FALSE,606.07411
766.1079,C00010,M-H [1-],2.39999999394058e-05,Phosphatidylinositol phosphate metabolism,mfn1v10path179,59,Matched.Compound,Coenzyme A,0.003192,-1.2,FALSE,766.1079
145.01429,C00026,M-H [1-],6.59999999754746e-05,Phytanic acid peroxisomal oxidation,mfn1v10path180,34,Matched.Compound,Oxoglutaric acid,1.02e-06,-1.31,FALSE,145.01429
346.05571,C00020,M-H [1-],0.000114000000053238,Phytanic acid peroxisomal oxidation,mfn1v10path180,34,Matched.Compound,Adenosine monophosphate,1.28e-05,-1.39,FALSE,346.05571
766.1079,C00010,M-H [1-],2.39999999394058e-05,Phytanic acid peroxisomal oxidation,mfn1v10path180,34,Matched.Compound,Coenzyme A,0.003192,-1.2,FALSE,766.1079
808.11823,C00024,M-H [1-],0.000293999999939842,Phytanic acid peroxisomal oxidation,mfn1v10path180,34,Matched.Compound,Acetyl-CoA,0.001821828,-0.79,FALSE,808.11823
283.26422,C01530,M-H [1-],3.99999998990097e-06,Polyunsaturated fatty acid biosynthesis,mfn1v10path181,21,Matched.Compound,Stearic acid,0.166858293,1.55,FALSE,283.26422
766.1079,C00010,M-H [1-],2.39999999394058e-05,Polyunsaturated fatty acid biosynthesis,mfn1v10path181,21,Matched.Compound,Coenzyme A,0.003192,-1.2,FALSE,766.1079
808.11823,C00024,M-H [1-],0.000293999999939842,Polyunsaturated fatty acid biosynthesis,mfn1v10path181,21,Matched.Compound,Acetyl-CoA,0.001821828,-0.79,FALSE,808.11823
130.05097,C00430,M-H [1-],4.5999999997548e-05,Porphyrin metabolism,mfn1v10path182,43,Matched.Compound,5-Aminolevulinic acid,0.638338765,-0.13,FALSE,130.05097
130.05098,C00430,M-H [1-],5.60000000007221e-05,Porphyrin metabolism,mfn1v10path182,43,Matched.Compound,5-Aminolevulinic acid,0.172958473,0.22,FALSE,130.05098
132.06552,C00430,M+H [1+],4.40000000025975e-05,Porphyrin metabolism,mfn1v10path182,43,Matched.Compound,5-Aminolevulinic acid,0.974431175,0.13,TRUE,132.06552
173.00915,C00425,M-H [1-],8.00000000822365e-06,Porphyrin metabolism,mfn1v10path182,43,Matched.Compound,C00425,0.890044082,-0.07,FALSE,173.00915
174.04079,C05520,M-H [1-],3.40000000278451e-05,Porphyrin metabolism,mfn1v10path182,43,Matched.Compound,2-Amino-3-oxoadipate,8.76e-06,-1.18,FALSE,174.04079
209.09208,C00931,M-H2O+H [1+],3.53323000013006e-06,Porphyrin metabolism,mfn1v10path182,43,Matched.Compound,Porphobilinogen,1.88e-06,3.29,TRUE,209.09208
402.99482,C00015,M-H [1-],0.000104000000021642,Porphyrin metabolism,mfn1v10path182,43,Matched.Compound,Uridine 5'-diphosphate,0.000392552,-1.05,FALSE,402.99482
579.02681,C00167,M-H [1-],0.000214000000028136,Porphyrin metabolism,mfn1v10path182,43,Matched.Compound,Uridine diphosphate glucuronic acid,6.6e-05,-1.75,FALSE,579.02681
76.03932,C00037,M+H [1+],4.40000000025975e-05,Porphyrin metabolism,mfn1v10path182,43,Matched.Compound,Glycine,0.326905645,-0.13,TRUE,76.03932
766.1079,C00010,M-H [1-],2.39999999394058e-05,Porphyrin metabolism,mfn1v10path182,43,Matched.Compound,Coenzyme A,0.003192,-1.2,FALSE,766.1079
784.1499,C00016,M-H [1-],7.60000000354921e-05,Porphyrin metabolism,mfn1v10path182,43,Matched.Compound,FAD,0.0003438,-1.11,FALSE,784.1499
205.03536,C04593,M-H [1-],6.40000000089458e-05,Propanoate metabolism,mfn1v10path183,31,Matched.Compound,Methylisocitric acid,0.00054222,-0.78,FALSE,205.03536
205.03536,C02225,M-H [1-],6.40000000089458e-05,Propanoate metabolism,mfn1v10path183,31,Matched.Compound,2-Methylcitric acid,0.00054222,-0.78,FALSE,205.03536
346.05571,C00020,M-H [1-],0.000114000000053238,Propanoate metabolism,mfn1v10path183,31,Matched.Compound,Adenosine monophosphate,1.28e-05,-1.39,FALSE,346.05571
766.1079,C00010,M-H [1-],2.39999999394058e-05,Propanoate metabolism,mfn1v10path183,31,Matched.Compound,Coenzyme A,0.003192,-1.2,FALSE,766.1079
784.1499,C00016,M-H [1-],7.60000000354921e-05,Propanoate metabolism,mfn1v10path183,31,Matched.Compound,FAD,0.0003438,-1.11,FALSE,784.1499
808.11823,C00024,M-H [1-],0.000293999999939842,Propanoate metabolism,mfn1v10path183,31,Matched.Compound,Acetyl-CoA,0.001821828,-0.79,FALSE,808.11823
87.00877,C00222,M-H [1-],4.5999999997548e-05,Propanoate metabolism,mfn1v10path183,31,Matched.Compound,Malonic semialdehyde,0.000431622,-1.44,FALSE,87.00877
89.02442,C01013,M-H [1-],3.99999998990097e-06,Propanoate metabolism,mfn1v10path183,31,Matched.Compound,Hydroxypropionic acid,0.000240254,-1.22,FALSE,89.02442
173.00915,C00425,M-H [1-],8.00000000822365e-06,Prostaglandin formation from arachidonate,mfn1v10path184,78,Matched.Compound,C00425,0.890044082,-0.07,FALSE,173.00915
306.07649,C00051,M-H [1-],3.40000000278451e-05,Prostaglandin formation from arachidonate,mfn1v10path184,78,Matched.Compound,Glutathione,3.87e-05,-1.43,FALSE,306.07649
346.05571,C00020,M-H [1-],0.000114000000053238,Prostaglandin formation from arachidonate,mfn1v10path184,78,Matched.Compound,Adenosine monophosphate,1.28e-05,-1.39,FALSE,346.05571
361.27375,C13856,M-H2O+H [1+],7.3533230022349e-05,Prostaglandin formation from arachidonate,mfn1v10path184,78,Matched.Compound,"MG(0:0/20:4(5Z,8Z,11Z,14Z)/0:0)",1.9e-05,1.14,TRUE,361.27375
766.1079,C00010,M-H [1-],2.39999999394058e-05,Prostaglandin formation from arachidonate,mfn1v10path184,78,Matched.Compound,Coenzyme A,0.003192,-1.2,FALSE,766.1079
808.11823,C00024,M-H [1-],0.000293999999939842,Prostaglandin formation from arachidonate,mfn1v10path184,78,Matched.Compound,Acetyl-CoA,0.001821828,-0.79,FALSE,808.11823
402.99482,C00015,M-H [1-],0.000104000000021642,Proteoglycan biosynthesis,mfn1v10path186,27,Matched.Compound,Uridine 5'-diphosphate,0.000392552,-1.05,FALSE,402.99482
426.02206,C00054,M-H [1-],6.40000000089458e-05,Proteoglycan biosynthesis,mfn1v10path186,27,Matched.Compound,"Adenosine 3',5'-diphosphate",0.000785849,-1.11,FALSE,426.02206
535.03714,C00190,M-H [1-],8.39999999016072e-05,Proteoglycan biosynthesis,mfn1v10path186,27,Matched.Compound,Cotinine glucuronide,5.86e-06,-1.94,FALSE,535.03714
565.04754,C00052,M-H [1-],0.000183999999876505,Proteoglycan biosynthesis,mfn1v10path186,27,Matched.Compound,Uridine diphosphategalactose,0.000220563,-0.69,FALSE,565.04754
579.02681,C00167,M-H [1-],0.000214000000028136,Proteoglycan biosynthesis,mfn1v10path186,27,Matched.Compound,Uridine diphosphate glucuronic acid,6.6e-05,-1.75,FALSE,579.02681
606.07411,C00203,M-H [1-],0.000213999999914449,Proteoglycan biosynthesis,mfn1v10path186,27,Matched.Compound,Uridine diphosphate-N-acetylgalactosamine,1.54e-05,-1.31,FALSE,606.07411
606.07411,C00043,M-H [1-],0.000213999999914449,Proteoglycan biosynthesis,mfn1v10path186,27,Matched.Compound,Uridine diphosphate-N-acetylglucosamine,1.54e-05,-1.31,FALSE,606.07411
132.03023,C00049,M-H [1-],5.99999998485146e-06,Purine metabolism,mfn1v10path187,80,Matched.Compound,L-Aspartic acid,4.41e-07,2.78,FALSE,132.03023
146.04588,C00025,M-H [1-],4.40000000025975e-05,Purine metabolism,mfn1v10path187,80,Matched.Compound,Glutamic acid,0.000116605,1.04,FALSE,146.04588
147.07642,C00064,M+H [1+],4.40000000310192e-05,Purine metabolism,mfn1v10path187,80,Matched.Compound,Glutamine,0.854322998,0.14,TRUE,147.07642
148.06045,C00025,M+H [1+],2.59999999911997e-05,Purine metabolism,mfn1v10path187,80,Matched.Compound,Glutamic acid,0.001100992,-0.39,TRUE,148.06045
151.02616,C00385,M-H [1-],3.59999999943739e-05,Purine metabolism,mfn1v10path187,80,Matched.Compound,Xanthine,0.001707732,-2.38,FALSE,151.02616
157.03669,C01551,M-H [1-],3.40000000278451e-05,Purine metabolism,mfn1v10path187,80,Matched.Compound,C01551,0.62125257,-0.06,FALSE,157.03669
166.97508,C00074,M-H [1-],4.40000000310192e-05,Purine metabolism,mfn1v10path187,80,Matched.Compound,Phosphoenolpyruvic acid,0.124387806,-0.55,FALSE,166.97508
229.01187,C00442,M-H [1-],4.00000001832268e-06,Purine metabolism,mfn1v10path187,80,Matched.Compound,C00442,0.003007689,-1.04,FALSE,229.01187
266.0884,C00387,M-H2O+H [1+],2.35332299780566e-05,Purine metabolism,mfn1v10path187,80,Matched.Compound,Guanosine,0.89429466,0.07,TRUE,266.0884
268.104,C00212,M+H [1+],7.59999999786487e-05,Purine metabolism,mfn1v10path187,80,Matched.Compound,Adenosine,0.011287244,-0.68,TRUE,268.104
268.104,C00330,M+H [1+],7.59999999786487e-05,Purine metabolism,mfn1v10path187,80,Matched.Compound,Deoxyguanosine,0.011287244,-0.68,TRUE,268.104
283.0684,C01762,M-H [1-],2.39999999962492e-05,Purine metabolism,mfn1v10path187,80,Matched.Compound,Xanthosine,0.025349415,3.67,FALSE,283.0684
313.04425,C04376,M-H [1-],2.59999999911997e-05,Purine metabolism,mfn1v10path187,80,Matched.Compound,5'-Phosphoribosyl-N-formylglycinamide,0.970970653,0.09,FALSE,313.04425
346.05571,C00020,M-H [1-],0.000114000000053238,Purine metabolism,mfn1v10path187,80,Matched.Compound,Adenosine monophosphate,1.28e-05,-1.39,FALSE,346.05571
346.05571,C00362,M-H [1-],0.000114000000053238,Purine metabolism,mfn1v10path187,80,Matched.Compound,2'-Deoxyguanosine 5'-monophosphate,1.28e-05,-1.39,FALSE,346.05571
362.05066,C00144,M-H [1-],6.40000000089458e-05,Purine metabolism,mfn1v10path187,80,Matched.Compound,Guanosine monophosphate,0.000941734,-1.35,FALSE,362.05066
426.02206,C00361,M-H [1-],6.40000000089458e-05,Purine metabolism,mfn1v10path187,80,Matched.Compound,dGDP,0.000785849,-1.11,FALSE,426.02206
442.01703,C00035,M-H [1-],5.99999998485146e-06,Purine metabolism,mfn1v10path187,80,Matched.Compound,Guanosine diphosphate,3.77e-05,-1.1,FALSE,442.01703
505.98827,C00286,M-H [1-],0.000154000000009091,Purine metabolism,mfn1v10path187,80,Matched.Compound,dGTP,0.000279384,-0.79,FALSE,505.98827
508.00307,C00286,M+H [1+],9.39999999900465e-05,Purine metabolism,mfn1v10path187,80,Matched.Compound,dGTP,0.001656738,-0.94,TRUE,508.00307
521.98338,C00044,M-H [1-],4.39999998889107e-05,Purine metabolism,mfn1v10path187,80,Matched.Compound,Guanosine triphosphate,0.00081538,-0.93,FALSE,521.98338
76.03932,C00037,M+H [1+],4.40000000025975e-05,Purine metabolism,mfn1v10path187,80,Matched.Compound,Glycine,0.326905645,-0.13,TRUE,76.03932
87.00877,C00022,M-H [1-],4.5999999997548e-05,Purine metabolism,mfn1v10path187,80,Matched.Compound,Pyruvic acid,0.000431622,-1.44,FALSE,87.00877
146.04588,C00025,M-H [1-],4.40000000025975e-05,Putative anti-Inflammatory metabolites formation from EPA,mfn1v10path188,27,Matched.Compound,Glutamic acid,0.000116605,1.04,FALSE,146.04588
148.06045,C00025,M+H [1+],2.59999999911997e-05,Putative anti-Inflammatory metabolites formation from EPA,mfn1v10path188,27,Matched.Compound,Glutamic acid,0.001100992,-0.39,TRUE,148.06045
306.07649,C00051,M-H [1-],3.40000000278451e-05,Putative anti-Inflammatory metabolites formation from EPA,mfn1v10path188,27,Matched.Compound,Glutathione,3.87e-05,-1.43,FALSE,306.07649
104.07061,C05145,M+H [1+],3.39999999994234e-05,Pyrimidine metabolism,mfn1v10path189,70,Matched.Compound,3-Aminoisobutanoic acid,0.001126831,-0.29,TRUE,104.07061
111.02001,C00106,M-H [1-],1.39999999930751e-05,Pyrimidine metabolism,mfn1v10path189,70,Matched.Compound,Uracil,0.999953359,0.14,FALSE,111.02001
131.04623,C02642,M-H [1-],5.99999998485146e-06,Pyrimidine metabolism,mfn1v10path189,70,Matched.Compound,Ureidopropionic acid,0.410848838,0.28,FALSE,131.04623
132.03023,C00049,M-H [1-],5.99999998485146e-06,Pyrimidine metabolism,mfn1v10path189,70,Matched.Compound,L-Aspartic acid,4.41e-07,2.78,FALSE,132.03023
133.05064,C01801,M-H [1-],1.59999999880256e-05,Pyrimidine metabolism,mfn1v10path189,70,Matched.Compound,Deoxyribose,0.002262354,-0.7,FALSE,133.05064
146.04588,C00025,M-H [1-],4.40000000025975e-05,Pyrimidine metabolism,mfn1v10path189,70,Matched.Compound,Glutamic acid,0.000116605,1.04,FALSE,146.04588
147.07642,C00064,M+H [1+],4.40000000310192e-05,Pyrimidine metabolism,mfn1v10path189,70,Matched.Compound,Glutamine,0.854322998,0.14,TRUE,147.07642
147.07642,C05100,M+H [1+],4.40000000310192e-05,Pyrimidine metabolism,mfn1v10path189,70,Matched.Compound,Ureidoisobutyric acid,0.854322998,0.14,TRUE,147.07642
148.06045,C00025,M+H [1+],2.59999999911997e-05,Pyrimidine metabolism,mfn1v10path189,70,Matched.Compound,Glutamic acid,0.001100992,-0.39,TRUE,148.06045
166.97508,C00074,M-H [1-],4.40000000310192e-05,Pyrimidine metabolism,mfn1v10path189,70,Matched.Compound,Phosphoenolpyruvic acid,0.124387806,-0.55,FALSE,166.97508
175.03603,C00438,M-H [1-],6.00000001327317e-06,Pyrimidine metabolism,mfn1v10path189,70,Matched.Compound,Ureidosuccinic acid,0.000267443,2.97,FALSE,175.03603
229.01187,C00442,M-H [1-],4.00000001832268e-06,Pyrimidine metabolism,mfn1v10path189,70,Matched.Compound,C00442,0.003007689,-1.04,FALSE,229.01187
241.01188,C00103,M-H2O-H [1-],0.000570000000010396,Pyrimidine metabolism,mfn1v10path189,70,Matched.Compound,Glucose 1-phosphate,0.000152822,-1.33,FALSE,241.01188
259.02242,C00103,M-H [1-],3.99999998990097e-06,Pyrimidine metabolism,mfn1v10path189,70,Matched.Compound,Glucose 1-phosphate,2.14e-06,-1.85,FALSE,259.02242
259.02243,C00103,M-H [1-],5.99999998485146e-06,Pyrimidine metabolism,mfn1v10path189,70,Matched.Compound,Glucose 1-phosphate,0.312254134,-0.36,FALSE,259.02243
304.03401,C00055,M-H2O-H [1-],0.00050000000004502,Pyrimidine metabolism,mfn1v10path189,70,Matched.Compound,Cytidine monophosphate,0.139681717,-0.47,FALSE,304.03401
305.01805,C00105,M-H2O-H [1-],0.000540000000000873,Pyrimidine metabolism,mfn1v10path189,70,Matched.Compound,Uridine 5'-monophosphate,0.210146922,-1.01,FALSE,305.01805
305.01807,C00105,M-H2O-H [1-],0.000560000000007221,Pyrimidine metabolism,mfn1v10path189,70,Matched.Compound,Uridine 5'-monophosphate,0.399709785,-0.13,FALSE,305.01807
307.03374,C00365,M-H [1-],1.60000000164473e-05,Pyrimidine metabolism,mfn1v10path189,70,Matched.Compound,dUMP,0.005012551,-0.48,FALSE,307.03374
321.04938,C00364,M-H [1-],5.59999999723004e-05,Pyrimidine metabolism,mfn1v10path189,70,Matched.Compound,5-Thymidylic acid,0.488674297,-0.21,FALSE,321.04938
323.02862,C00105,M-H [1-],4.00000004674439e-06,Pyrimidine metabolism,mfn1v10path189,70,Matched.Compound,Uridine 5'-monophosphate,0.001547081,-0.85,FALSE,323.02862
346.05571,C00020,M-H [1-],0.000114000000053238,Pyrimidine metabolism,mfn1v10path189,70,Matched.Compound,Adenosine monophosphate,1.28e-05,-1.39,FALSE,346.05571
402.01086,C00112,M-H [1-],6.40000000089458e-05,Pyrimidine metabolism,mfn1v10path189,70,Matched.Compound,CDP,0.002594529,-0.75,FALSE,402.01086
402.99482,C00015,M-H [1-],0.000104000000021642,Pyrimidine metabolism,mfn1v10path189,70,Matched.Compound,Uridine 5'-diphosphate,0.000392552,-1.05,FALSE,402.99482
426.02206,C00361,M-H [1-],6.40000000089458e-05,Pyrimidine metabolism,mfn1v10path189,70,Matched.Compound,dGDP,0.000785849,-1.11,FALSE,426.02206
442.01703,C00035,M-H [1-],5.99999998485146e-06,Pyrimidine metabolism,mfn1v10path189,70,Matched.Compound,Guanosine diphosphate,3.77e-05,-1.1,FALSE,442.01703
480.98195,C00459,M-H [1-],7.40000000405416e-05,Pyrimidine metabolism,mfn1v10path189,70,Matched.Compound,Thymidine 5'-triphosphate,0.000463661,-1.14,FALSE,480.98195
481.97723,C00063,M-H [1-],5.99999998485146e-06,Pyrimidine metabolism,mfn1v10path189,70,Matched.Compound,Cytidine triphosphate,0.003579543,-0.5,FALSE,481.97723
482.96114,C00075,M-H [1-],8.40000000152941e-05,Pyrimidine metabolism,mfn1v10path189,70,Matched.Compound,Uridine triphosphate,0.002859797,-0.86,FALSE,482.96114
505.98827,C00286,M-H [1-],0.000154000000009091,Pyrimidine metabolism,mfn1v10path189,70,Matched.Compound,dGTP,0.000279384,-0.79,FALSE,505.98827
508.00307,C00286,M+H [1+],9.39999999900465e-05,Pyrimidine metabolism,mfn1v10path189,70,Matched.Compound,dGTP,0.001656738,-0.94,TRUE,508.00307
521.98338,C00044,M-H [1-],4.39999998889107e-05,Pyrimidine metabolism,mfn1v10path189,70,Matched.Compound,Guanosine triphosphate,0.00081538,-0.93,FALSE,521.98338
565.04754,C00029,M-H [1-],0.000183999999876505,Pyrimidine metabolism,mfn1v10path189,70,Matched.Compound,Uridine diphosphate glucose,0.000220563,-0.69,FALSE,565.04754
86.06002,C05145,M-H2O+H [1+],4.35332299986158e-05,Pyrimidine metabolism,mfn1v10path189,70,Matched.Compound,3-Aminoisobutanoic acid,0.009943585,-0.68,TRUE,86.06002
87.00877,C00022,M-H [1-],4.5999999997548e-05,Pyrimidine metabolism,mfn1v10path189,70,Matched.Compound,Pyruvic acid,0.000431622,-1.44,FALSE,87.00877
90.05493,C00041,M+H [1+],4.60000000117589e-05,Pyrimidine metabolism,mfn1v10path189,70,Matched.Compound,L-Alanine,0.00111173,-0.63,TRUE,90.05493
90.05493,C00099,M+H [1+],4.60000000117589e-05,Pyrimidine metabolism,mfn1v10path189,70,Matched.Compound,beta-Alanine,0.00111173,-0.63,TRUE,90.05493
90.05495,C00041,M+H [1+],2.60000000054106e-05,Pyrimidine metabolism,mfn1v10path189,70,Matched.Compound,L-Alanine,1.18e-07,-1.06,TRUE,90.05495
90.05495,C00099,M+H [1+],2.60000000054106e-05,Pyrimidine metabolism,mfn1v10path189,70,Matched.Compound,beta-Alanine,1.18e-07,-1.06,TRUE,90.05495
133.01426,C00149,M-H [1-],3.59999999943739e-05,Pyruvate Metabolism,mfn1v10path190,20,Matched.Compound,Malic acid,0.001718728,-0.47,FALSE,133.01426
168.99075,C00661,M-H [1-],2.59999999911997e-05,Pyruvate Metabolism,mfn1v10path190,20,Matched.Compound,C00661,0.916146696,0.07,FALSE,168.99075
168.99075,C00111,M-H [1-],2.59999999911997e-05,Pyruvate Metabolism,mfn1v10path190,20,Matched.Compound,Dihydroxyacetone phosphate,0.916146696,0.07,FALSE,168.99075
306.07649,C00051,M-H [1-],3.40000000278451e-05,Pyruvate Metabolism,mfn1v10path190,20,Matched.Compound,Glutathione,3.87e-05,-1.43,FALSE,306.07649
378.09756,C03451,M-H [1-],6.40000000089458e-05,Pyruvate Metabolism,mfn1v10path190,20,Matched.Compound,S-Lactoylglutathione,0.005496127,-0.69,FALSE,378.09756
378.09759,C03451,M-H [1-],3.39999999710017e-05,Pyruvate Metabolism,mfn1v10path190,20,Matched.Compound,S-Lactoylglutathione,0.271568219,-0.1,FALSE,378.09759
766.1079,C00010,M-H [1-],2.39999999394058e-05,Pyruvate Metabolism,mfn1v10path190,20,Matched.Compound,Coenzyme A,0.003192,-1.2,FALSE,766.1079
808.11823,C00024,M-H [1-],0.000293999999939842,Pyruvate Metabolism,mfn1v10path190,20,Matched.Compound,Acetyl-CoA,0.001821828,-0.79,FALSE,808.11823
87.00877,C00022,M-H [1-],4.5999999997548e-05,Pyruvate Metabolism,mfn1v10path190,20,Matched.Compound,Pyruvic acid,0.000431622,-1.44,FALSE,87.00877
89.02442,C00256,M-H [1-],3.99999998990097e-06,Pyruvate Metabolism,mfn1v10path190,20,Matched.Compound,D-Lactic acid,0.000240254,-1.22,FALSE,89.02442
89.02442,C00186,M-H [1-],3.99999998990097e-06,Pyruvate Metabolism,mfn1v10path190,20,Matched.Compound,Lactic acid,0.000240254,-1.22,FALSE,89.02442
784.1499,C00016,M-H [1-],7.60000000354921e-05,R Group Synthesis,mfn1v10path191,7,Matched.Compound,FAD,0.0003438,-1.11,FALSE,784.1499
162.11245,C00318,M+H [1+],2.59999999911997e-05,Saturated fatty acids beta-oxidation,mfn1v10path193,36,Matched.Compound,C00318,9.11e-05,-0.88,TRUE,162.11245
255.23295,C00249,M-H [1-],2.5999999962778e-05,Saturated fatty acids beta-oxidation,mfn1v10path193,36,Matched.Compound,Palmitic acid,0.17605372,1.17,FALSE,255.23295
400.34212,C02990,M+H [1+],5.59999999723004e-05,Saturated fatty acids beta-oxidation,mfn1v10path193,36,Matched.Compound,Palmitoylcarnitine,0.03148199,0.6,TRUE,400.34212
766.1079,C00010,M-H [1-],2.39999999394058e-05,Saturated fatty acids beta-oxidation,mfn1v10path193,36,Matched.Compound,Coenzyme A,0.003192,-1.2,FALSE,766.1079
784.1499,C00016,M-H [1-],7.60000000354921e-05,Saturated fatty acids beta-oxidation,mfn1v10path193,36,Matched.Compound,FAD,0.0003438,-1.11,FALSE,784.1499
808.11823,C00024,M-H [1-],0.000293999999939842,Saturated fatty acids beta-oxidation,mfn1v10path193,36,Matched.Compound,Acetyl-CoA,0.001821828,-0.79,FALSE,808.11823
836.14989,C00136,M-H [1-],6.60000000607397e-05,Saturated fatty acids beta-oxidation,mfn1v10path193,36,Matched.Compound,Butyryl-CoA,0.006668008,-0.7,FALSE,836.14989
104.03532,C00065,M-H [1-],3.99999998990097e-06,Selenoamino acid metabolism,mfn1v10path194,35,Matched.Compound,Serine,0.497848408,0.16,FALSE,104.03532
268.104,C00212,M+H [1+],7.59999999786487e-05,Selenoamino acid metabolism,mfn1v10path194,35,Matched.Compound,Adenosine,0.011287244,-0.68,TRUE,268.104
346.05571,C00020,M-H [1-],0.000114000000053238,Selenoamino acid metabolism,mfn1v10path194,35,Matched.Compound,Adenosine monophosphate,1.28e-05,-1.39,FALSE,346.05571
90.05493,C00041,M+H [1+],4.60000000117589e-05,Selenoamino acid metabolism,mfn1v10path194,35,Matched.Compound,L-Alanine,0.00111173,-0.63,TRUE,90.05493
90.05495,C00041,M+H [1+],2.60000000054106e-05,Selenoamino acid metabolism,mfn1v10path194,35,Matched.Compound,L-Alanine,1.18e-07,-1.06,TRUE,90.05495
104.03532,C00065,M-H [1-],3.99999998990097e-06,Sialic acid metabolism,mfn1v10path195,107,Matched.Compound,Serine,0.497848408,0.16,FALSE,104.03532
166.97508,C00074,M-H [1-],4.40000000310192e-05,Sialic acid metabolism,mfn1v10path195,107,Matched.Compound,Phosphoenolpyruvic acid,0.124387806,-0.55,FALSE,166.97508
179.0561,C00221,M-H [1-],2.4000000024671e-05,Sialic acid metabolism,mfn1v10path195,107,Matched.Compound,beta-D-Glucose,5.03e-05,-1.3,FALSE,179.0561
179.0561,C00267,M-H [1-],2.4000000024671e-05,Sialic acid metabolism,mfn1v10path195,107,Matched.Compound,alpha-D-Glucose,5.03e-05,-1.3,FALSE,179.0561
179.0561,C01582,M-H [1-],2.4000000024671e-05,Sialic acid metabolism,mfn1v10path195,107,Matched.Compound,C01582,5.03e-05,-1.3,FALSE,179.0561
179.0561,C00137,M-H [1-],2.4000000024671e-05,Sialic acid metabolism,mfn1v10path195,107,Matched.Compound,myo-Inositol,5.03e-05,-1.3,FALSE,179.0561
179.0561,C00124,M-H [1-],2.4000000024671e-05,Sialic acid metabolism,mfn1v10path195,107,Matched.Compound,D-Galactose,5.03e-05,-1.3,FALSE,179.0561
179.05612,C00221,M-H [1-],4.00000001832268e-06,Sialic acid metabolism,mfn1v10path195,107,Matched.Compound,beta-D-Glucose,0.278443464,-0.46,FALSE,179.05612
179.05612,C00267,M-H [1-],4.00000001832268e-06,Sialic acid metabolism,mfn1v10path195,107,Matched.Compound,alpha-D-Glucose,0.278443464,-0.46,FALSE,179.05612
179.05612,C01582,M-H [1-],4.00000001832268e-06,Sialic acid metabolism,mfn1v10path195,107,Matched.Compound,C01582,0.278443464,-0.46,FALSE,179.05612
179.05612,C00137,M-H [1-],4.00000001832268e-06,Sialic acid metabolism,mfn1v10path195,107,Matched.Compound,myo-Inositol,0.278443464,-0.46,FALSE,179.05612
179.05612,C00124,M-H [1-],4.00000001832268e-06,Sialic acid metabolism,mfn1v10path195,107,Matched.Compound,D-Galactose,0.278443464,-0.46,FALSE,179.05612
241.01188,C04006,M-H2O-H [1-],0.000570000000010396,Sialic acid metabolism,mfn1v10path195,107,Matched.Compound,myo-Inositol 1-phosphate,0.000152822,-1.33,FALSE,241.01188
241.01188,C03546,M-H2O-H [1-],0.000570000000010396,Sialic acid metabolism,mfn1v10path195,107,Matched.Compound,D-myo-Inositol 4-phosphate,0.000152822,-1.33,FALSE,241.01188
241.01188,C01177,M-H2O-H [1-],0.000570000000010396,Sialic acid metabolism,mfn1v10path195,107,Matched.Compound,myo-Inositol 6-phosphate,0.000152822,-1.33,FALSE,241.01188
253.09289,C05401,M-H [1-],3.39999999994234e-05,Sialic acid metabolism,mfn1v10path195,107,Matched.Compound,Galactosylglycerol,6.79e-07,-2.16,FALSE,253.09289
259.02242,C04006,M-H [1-],3.99999998990097e-06,Sialic acid metabolism,mfn1v10path195,107,Matched.Compound,myo-Inositol 1-phosphate,2.14e-06,-1.85,FALSE,259.02242
259.02242,C03546,M-H [1-],3.99999998990097e-06,Sialic acid metabolism,mfn1v10path195,107,Matched.Compound,D-myo-Inositol 4-phosphate,2.14e-06,-1.85,FALSE,259.02242
259.02242,C01177,M-H [1-],3.99999998990097e-06,Sialic acid metabolism,mfn1v10path195,107,Matched.Compound,myo-Inositol 6-phosphate,2.14e-06,-1.85,FALSE,259.02242
259.02243,C04006,M-H [1-],5.99999998485146e-06,Sialic acid metabolism,mfn1v10path195,107,Matched.Compound,myo-Inositol 1-phosphate,0.312254134,-0.36,FALSE,259.02243
259.02243,C03546,M-H [1-],5.99999998485146e-06,Sialic acid metabolism,mfn1v10path195,107,Matched.Compound,D-myo-Inositol 4-phosphate,0.312254134,-0.36,FALSE,259.02243
259.02243,C01177,M-H [1-],5.99999998485146e-06,Sialic acid metabolism,mfn1v10path195,107,Matched.Compound,myo-Inositol 6-phosphate,0.312254134,-0.36,FALSE,259.02243
300.04899,C04257,M-H [1-],3.40000000278451e-05,Sialic acid metabolism,mfn1v10path195,107,Matched.Compound,N-Acetyl-D-mannosamine 6-phosphate,0.000391066,-0.72,FALSE,300.04899
304.03401,C00055,M-H2O-H [1-],0.00050000000004502,Sialic acid metabolism,mfn1v10path195,107,Matched.Compound,Cytidine monophosphate,0.139681717,-0.47,FALSE,304.03401
308.09872,C00270,M-H [1-],3.99999998990097e-06,Sialic acid metabolism,mfn1v10path195,107,Matched.Compound,N-Acetylneuraminate,1.96e-05,-1.45,FALSE,308.09872
341.10885,C06373,M-H [1-],7.39999999836982e-05,Sialic acid metabolism,mfn1v10path195,107,Matched.Compound,C06373,1.01e-05,-3.47,FALSE,341.10885
341.10885,C00243,M-H [1-],7.39999999836982e-05,Sialic acid metabolism,mfn1v10path195,107,Matched.Compound,Alpha-Lactose,1.01e-05,-3.47,FALSE,341.10885
343.12352,C06373,M+H [1+],4.40000000025975e-05,Sialic acid metabolism,mfn1v10path195,107,Matched.Compound,C06373,0.167926245,-0.65,TRUE,343.12352
343.12352,C00243,M+H [1+],4.40000000025975e-05,Sialic acid metabolism,mfn1v10path195,107,Matched.Compound,Alpha-Lactose,0.167926245,-0.65,TRUE,343.12352
369.35159,CE2315,M-H2O+H [1+],5.55332300109512e-05,Squalene and cholesterol biosynthesis,mfn1v10path197,55,Matched.Compound,CE2315,0.191911212,0.39,TRUE,369.35159
369.35159,C01189,M-H2O+H [1+],1.35332300033042e-05,Squalene and cholesterol biosynthesis,mfn1v10path197,55,Matched.Compound,Lathosterol,0.191911212,0.39,TRUE,369.35159
369.35159,C03845,M-H2O+H [1+],1.35332300033042e-05,Squalene and cholesterol biosynthesis,mfn1v10path197,55,Matched.Compound,5alpha-Cholest-8-en-3beta-ol,0.191911212,0.39,TRUE,369.35159
369.35159,C00187,M-H2O+H [1+],1.35332300033042e-05,Squalene and cholesterol biosynthesis,mfn1v10path197,55,Matched.Compound,Cholesterol,0.191911212,0.39,TRUE,369.35159
766.1079,C00010,M-H [1-],2.39999999394058e-05,Squalene and cholesterol biosynthesis,mfn1v10path197,55,Matched.Compound,Coenzyme A,0.003192,-1.2,FALSE,766.1079
784.1499,C00016,M-H [1-],7.60000000354921e-05,Squalene and cholesterol biosynthesis,mfn1v10path197,55,Matched.Compound,FAD,0.0003438,-1.11,FALSE,784.1499
808.11823,C00024,M-H [1-],0.000293999999939842,Squalene and cholesterol biosynthesis,mfn1v10path197,55,Matched.Compound,Acetyl-CoA,0.001821828,-0.79,FALSE,808.11823
179.0561,C00031,M-H [1-],2.4000000024671e-05,Starch and Sucrose Metabolism,mfn1v10path198,33,Matched.Compound,D-Glucose,5.03e-05,-1.3,FALSE,179.0561
179.0561,C00221,M-H [1-],2.4000000024671e-05,Starch and Sucrose Metabolism,mfn1v10path198,33,Matched.Compound,beta-D-Glucose,5.03e-05,-1.3,FALSE,179.0561
179.0561,C00267,M-H [1-],2.4000000024671e-05,Starch and Sucrose Metabolism,mfn1v10path198,33,Matched.Compound,alpha-D-Glucose,5.03e-05,-1.3,FALSE,179.0561
179.05612,C00031,M-H [1-],4.00000001832268e-06,Starch and Sucrose Metabolism,mfn1v10path198,33,Matched.Compound,D-Glucose,0.278443464,-0.46,FALSE,179.05612
179.05612,C00221,M-H [1-],4.00000001832268e-06,Starch and Sucrose Metabolism,mfn1v10path198,33,Matched.Compound,beta-D-Glucose,0.278443464,-0.46,FALSE,179.05612
179.05612,C00267,M-H [1-],4.00000001832268e-06,Starch and Sucrose Metabolism,mfn1v10path198,33,Matched.Compound,alpha-D-Glucose,0.278443464,-0.46,FALSE,179.05612
241.01188,C00103,M-H2O-H [1-],0.000570000000010396,Starch and Sucrose Metabolism,mfn1v10path198,33,Matched.Compound,Glucose 1-phosphate,0.000152822,-1.33,FALSE,241.01188
259.02242,C00103,M-H [1-],3.99999998990097e-06,Starch and Sucrose Metabolism,mfn1v10path198,33,Matched.Compound,Glucose 1-phosphate,2.14e-06,-1.85,FALSE,259.02242
259.02243,C00103,M-H [1-],5.99999998485146e-06,Starch and Sucrose Metabolism,mfn1v10path198,33,Matched.Compound,Glucose 1-phosphate,0.312254134,-0.36,FALSE,259.02243
305.01805,C00105,M-H2O-H [1-],0.000540000000000873,Starch and Sucrose Metabolism,mfn1v10path198,33,Matched.Compound,Uridine 5'-monophosphate,0.210146922,-1.01,FALSE,305.01805
305.01807,C00105,M-H2O-H [1-],0.000560000000007221,Starch and Sucrose Metabolism,mfn1v10path198,33,Matched.Compound,Uridine 5'-monophosphate,0.399709785,-0.13,FALSE,305.01807
323.02862,C00105,M-H [1-],4.00000004674439e-06,Starch and Sucrose Metabolism,mfn1v10path198,33,Matched.Compound,Uridine 5'-monophosphate,0.001547081,-0.85,FALSE,323.02862
341.10885,C00208,M-H [1-],7.39999999836982e-05,Starch and Sucrose Metabolism,mfn1v10path198,33,Matched.Compound,D-Maltose,1.01e-05,-3.47,FALSE,341.10885
341.10885,C01083,M-H [1-],7.39999999836982e-05,Starch and Sucrose Metabolism,mfn1v10path198,33,Matched.Compound,Trehalose,1.01e-05,-3.47,FALSE,341.10885
341.10885,C00897,M-H [1-],7.39999999836982e-05,Starch and Sucrose Metabolism,mfn1v10path198,33,Matched.Compound,C00897,1.01e-05,-3.47,FALSE,341.10885
341.10885,C00185,M-H [1-],7.39999999836982e-05,Starch and Sucrose Metabolism,mfn1v10path198,33,Matched.Compound,Cellobiose,1.01e-05,-3.47,FALSE,341.10885
343.12352,C00208,M+H [1+],4.40000000025975e-05,Starch and Sucrose Metabolism,mfn1v10path198,33,Matched.Compound,D-Maltose,0.167926245,-0.65,TRUE,343.12352
343.12352,C01083,M+H [1+],4.40000000025975e-05,Starch and Sucrose Metabolism,mfn1v10path198,33,Matched.Compound,Trehalose,0.167926245,-0.65,TRUE,343.12352
343.12352,C00897,M+H [1+],4.40000000025975e-05,Starch and Sucrose Metabolism,mfn1v10path198,33,Matched.Compound,C00897,0.167926245,-0.65,TRUE,343.12352
343.12352,C00185,M+H [1+],4.40000000025975e-05,Starch and Sucrose Metabolism,mfn1v10path198,33,Matched.Compound,Cellobiose,0.167926245,-0.65,TRUE,343.12352
402.99482,C00015,M-H [1-],0.000104000000021642,Starch and Sucrose Metabolism,mfn1v10path198,33,Matched.Compound,Uridine 5'-diphosphate,0.000392552,-1.05,FALSE,402.99482
565.04754,C00029,M-H [1-],0.000183999999876505,Starch and Sucrose Metabolism,mfn1v10path198,33,Matched.Compound,Uridine diphosphate glucose,0.000220563,-0.69,FALSE,565.04754
579.02681,C00167,M-H [1-],0.000214000000028136,Starch and Sucrose Metabolism,mfn1v10path198,33,Matched.Compound,Uridine diphosphate glucuronic acid,6.6e-05,-1.75,FALSE,579.02681
665.21451,C02052,M-H [1-],0.000113999999939551,Starch and Sucrose Metabolism,mfn1v10path198,33,Matched.Compound,Maltotetraose,2.31e-05,-4.13,FALSE,665.21451
827.2672,CE2835,M-H [1-],0.000181999999995242,Starch and Sucrose Metabolism,mfn1v10path198,33,Matched.Compound,CE2835,1.56e-05,-3.5,FALSE,827.2672
133.01426,C00149,M-H [1-],3.59999999943739e-05,TCA cycle,mfn1v10path199,31,Matched.Compound,Malic acid,0.001718728,-0.47,FALSE,133.01426
145.01429,C00026,M-H [1-],6.59999999754746e-05,TCA cycle,mfn1v10path199,31,Matched.Compound,Oxoglutaric acid,1.02e-06,-1.31,FALSE,145.01429
166.97508,C00074,M-H [1-],4.40000000310192e-05,TCA cycle,mfn1v10path199,31,Matched.Compound,Phosphoenolpyruvic acid,0.124387806,-0.55,FALSE,166.97508
173.00915,C00417,M-H [1-],2.59999999911997e-05,TCA cycle,mfn1v10path199,31,Matched.Compound,cis-Aconitic acid,0.890044082,-0.07,FALSE,173.00915
188.05644,C00579,M-H2O-H [1-],0.000369999999975335,TCA cycle,mfn1v10path199,31,Matched.Compound,Dihydrolipoamide,0.024668127,-0.4,FALSE,188.05644
191.01972,C00158,M-H [1-],3.99999998990097e-06,TCA cycle,mfn1v10path199,31,Matched.Compound,Citric acid,0.684269605,0.09,FALSE,191.01972
191.01972,C00311,M-H [1-],3.99999998990097e-06,TCA cycle,mfn1v10path199,31,Matched.Compound,Isocitric acid,0.684269605,0.09,FALSE,191.01972
191.01973,C00158,M-H [1-],6.00000001327317e-06,TCA cycle,mfn1v10path199,31,Matched.Compound,Citric acid,0.908922515,0.19,FALSE,191.01973
191.01973,C00311,M-H [1-],6.00000001327317e-06,TCA cycle,mfn1v10path199,31,Matched.Compound,Isocitric acid,0.908922515,0.19,FALSE,191.01973
442.01703,C00035,M-H [1-],5.99999998485146e-06,TCA cycle,mfn1v10path199,31,Matched.Compound,Guanosine diphosphate,3.77e-05,-1.1,FALSE,442.01703
521.98338,C00044,M-H [1-],4.39999998889107e-05,TCA cycle,mfn1v10path199,31,Matched.Compound,Guanosine triphosphate,0.00081538,-0.93,FALSE,521.98338
766.1079,C00010,M-H [1-],2.39999999394058e-05,TCA cycle,mfn1v10path199,31,Matched.Compound,Coenzyme A,0.003192,-1.2,FALSE,766.1079
784.1499,C00016,M-H [1-],7.60000000354921e-05,TCA cycle,mfn1v10path199,31,Matched.Compound,FAD,0.0003438,-1.11,FALSE,784.1499
808.11823,C00024,M-H [1-],0.000293999999939842,TCA cycle,mfn1v10path199,31,Matched.Compound,Acetyl-CoA,0.001821828,-0.79,FALSE,808.11823
766.1079,C00010,M-H [1-],2.39999999394058e-05,Trihydroxycoprostanoyl-CoA beta-oxidation,mfn1v10path200,9,Matched.Compound,Coenzyme A,0.003192,-1.2,FALSE,766.1079
145.01429,C00026,M-H [1-],6.59999999754746e-05,Tryptophan metabolism,mfn1v10path201,94,Matched.Compound,Oxoglutaric acid,1.02e-06,-1.31,FALSE,145.01429
146.04588,C00025,M-H [1-],4.40000000025975e-05,Tryptophan metabolism,mfn1v10path201,94,Matched.Compound,Glutamic acid,0.000116605,1.04,FALSE,146.04588
148.06045,C00025,M+H [1+],2.59999999911997e-05,Tryptophan metabolism,mfn1v10path201,94,Matched.Compound,Glutamic acid,0.001100992,-0.39,TRUE,148.06045
166.04983,C05653,M+H [1+],4.5999999997548e-05,Tryptophan metabolism,mfn1v10path201,94,Matched.Compound,Formylanthranilic acid,0.207548018,0.2,TRUE,166.04983
176.07061,C00954,M+H [1+],3.39999999994234e-05,Tryptophan metabolism,mfn1v10path201,94,Matched.Compound,Indoleacetic acid,0.155668613,-1.04,TRUE,176.07061
176.07061,C05634,M+H [1+],3.39999999994234e-05,Tryptophan metabolism,mfn1v10path201,94,Matched.Compound,5-Hydroxyindoleacetaldehyde,0.155668613,-1.04,TRUE,176.07061
178.08625,CE1918,M+H [1+],4.99999998737621e-06,Tryptophan metabolism,mfn1v10path201,94,Matched.Compound,CE1918,0.000183492,-0.67,TRUE,178.08625
179.0561,C00936,M-H [1-],2.4000000024671e-05,Tryptophan metabolism,mfn1v10path201,94,Matched.Compound,C00936,5.03e-05,-1.3,FALSE,179.0561
179.05612,C00936,M-H [1-],4.00000001832268e-06,Tryptophan metabolism,mfn1v10path201,94,Matched.Compound,C00936,0.278443464,-0.46,FALSE,179.05612
192.06552,C05635,M+H [1+],4.40000000025975e-05,Tryptophan metabolism,mfn1v10path201,94,Matched.Compound,5-Hydroxyindoleacetic acid,0.000119191,3.2,TRUE,192.06552
204.06663,C05660,M-H [1-],5.99999998485146e-06,Tryptophan metabolism,mfn1v10path201,94,Matched.Compound,5-Methoxyindoleacetate,0.057387104,-1.12,FALSE,204.06663
209.09208,C00328,M+H [1+],4.00000001832268e-06,Tryptophan metabolism,mfn1v10path201,94,Matched.Compound,Kynurenine,1.88e-06,3.29,TRUE,209.09208
209.09208,C05647,M+H [1+],4.00000001832268e-06,Tryptophan metabolism,mfn1v10path201,94,Matched.Compound,Formyl-5-hydroxykynurenamine,1.88e-06,3.29,TRUE,209.09208
219.07641,C02406,M-H2O+H [1+],2.15332300115278e-05,Tryptophan metabolism,mfn1v10path201,94,Matched.Compound,N'-Formylkynurenine,8.85e-06,2.59,TRUE,219.07641
219.07641,C02700,M-H2O+H [1+],3.35332300096525e-05,Tryptophan metabolism,mfn1v10path201,94,Matched.Compound,L-Formylkynurenine,8.85e-06,2.59,TRUE,219.07641
219.07751,C00643,M-H [1-],1.40000000214968e-05,Tryptophan metabolism,mfn1v10path201,94,Matched.Compound,5-Hydroxy-L-tryptophan,1.57e-07,5.74,FALSE,219.07751
253.08196,C05648,M+H [1+],8.40000000152941e-05,Tryptophan metabolism,mfn1v10path201,94,Matched.Compound,5-Hydroxy-N-formylkynurenine,1.02e-05,-1.16,TRUE,253.08196
306.07649,C00051,M-H [1-],3.40000000278451e-05,Tryptophan metabolism,mfn1v10path201,94,Matched.Compound,Glutathione,3.87e-05,-1.43,FALSE,306.07649
346.05571,C00020,M-H [1-],0.000114000000053238,Tryptophan metabolism,mfn1v10path201,94,Matched.Compound,Adenosine monophosphate,1.28e-05,-1.39,FALSE,346.05571
399.14455,C00019,M+H [1+],7.39999999836982e-05,Tryptophan metabolism,mfn1v10path201,94,Matched.Compound,S-Adenosylmethionine,3e-05,-0.82,TRUE,399.14455
766.1079,C00010,M-H [1-],2.39999999394058e-05,Tryptophan metabolism,mfn1v10path201,94,Matched.Compound,Coenzyme A,0.003192,-1.2,FALSE,766.1079
784.1499,C00016,M-H [1-],7.60000000354921e-05,Tryptophan metabolism,mfn1v10path201,94,Matched.Compound,FAD,0.0003438,-1.11,FALSE,784.1499
808.11823,C00024,M-H [1-],0.000293999999939842,Tryptophan metabolism,mfn1v10path201,94,Matched.Compound,Acetyl-CoA,0.001821828,-0.79,FALSE,808.11823
90.05493,C00041,M+H [1+],4.60000000117589e-05,Tryptophan metabolism,mfn1v10path201,94,Matched.Compound,L-Alanine,0.00111173,-0.63,TRUE,90.05493
90.05495,C00041,M+H [1+],2.60000000054106e-05,Tryptophan metabolism,mfn1v10path201,94,Matched.Compound,L-Alanine,1.18e-07,-1.06,TRUE,90.05495
145.01429,C00026,M-H [1-],6.59999999754746e-05,Tyrosine metabolism,mfn1v10path202,160,Matched.Compound,Oxoglutaric acid,1.02e-06,-1.31,FALSE,145.01429
146.04588,C00025,M-H [1-],4.40000000025975e-05,Tyrosine metabolism,mfn1v10path202,160,Matched.Compound,Glutamic acid,0.000116605,1.04,FALSE,146.04588
147.07642,C00064,M+H [1+],4.40000000310192e-05,Tyrosine metabolism,mfn1v10path202,160,Matched.Compound,Glutamine,0.854322998,0.14,TRUE,147.07642
148.06045,C00025,M+H [1+],2.59999999911997e-05,Tyrosine metabolism,mfn1v10path202,160,Matched.Compound,Glutamic acid,0.001100992,-0.39,TRUE,148.06045
164.07169,C00079,M-H [1-],3.40000000278451e-05,Tyrosine metabolism,mfn1v10path202,160,Matched.Compound,Phenylalanine,0.196612428,-0.13,FALSE,164.07169
164.07169,CE2172,M-H [1-],1.30000000240216e-05,Tyrosine metabolism,mfn1v10path202,160,Matched.Compound,CE2172,0.196612428,-0.13,FALSE,164.07169
166.04983,CE5538,M+H [1+],3.30000000019481e-05,Tyrosine metabolism,mfn1v10path202,160,Matched.Compound,CE5538,0.207548018,0.2,TRUE,166.04983
170.08117,C00547,M+H [1+],6.00000001327317e-06,Tyrosine metabolism,mfn1v10path202,160,Matched.Compound,Norepinephrine,0.021088126,-0.82,TRUE,170.08117
173.00915,C00425,M-H [1-],8.00000000822365e-06,Tyrosine metabolism,mfn1v10path202,160,Matched.Compound,C00425,0.890044082,-0.07,FALSE,173.00915
178.05096,CE5536,M-H [1-],7.00000001074841e-06,Tyrosine metabolism,mfn1v10path202,160,Matched.Compound,CE5536,0.001560031,-0.55,FALSE,178.05096
178.05097,CE5536,M-H [1-],2.99999999242573e-06,Tyrosine metabolism,mfn1v10path202,160,Matched.Compound,CE5536,0.02849437,-1.05,FALSE,178.05097
178.08625,CE5629,M+H [1+],4.99999998737621e-06,Tyrosine metabolism,mfn1v10path202,160,Matched.Compound,CE5629,0.000183492,-0.67,TRUE,178.08625
178.08625,CE2173,M-H2O+H [1+],3.02444300075422e-05,Tyrosine metabolism,mfn1v10path202,160,Matched.Compound,CE2173,0.000183492,-0.67,TRUE,178.08625
180.10189,C09642,M+H [1+],1.39999999930751e-05,Tyrosine metabolism,mfn1v10path202,160,Matched.Compound,(R)-Salsolinol,0.257514377,0.55,TRUE,180.10189
180.10189,C05588,M-H2O+H [1+],1.35332300033042e-05,Tyrosine metabolism,mfn1v10path202,160,Matched.Compound,Metanephrine,0.257514377,0.55,TRUE,180.10189
181.05064,C05583,M-H [1-],1.59999999880256e-05,Tyrosine metabolism,mfn1v10path202,160,Matched.Compound,3-Methoxy-4-hydroxyphenylglycolaldehyde,0.010324308,-0.51,FALSE,181.05064
181.05064,C05582,M-H [1-],1.59999999880256e-05,Tyrosine metabolism,mfn1v10path202,160,Matched.Compound,Homovanillic acid,0.010324308,-0.51,FALSE,181.05064
182.08114,C00082,M+H [1+],3.59999999943739e-05,Tyrosine metabolism,mfn1v10path202,160,Matched.Compound,L-Tyrosine,0.045119377,-0.31,TRUE,182.08114
182.08114,CE2174,M+H [1+],3.39999999994234e-05,Tyrosine metabolism,mfn1v10path202,160,Matched.Compound,CE2174,0.045119377,-0.31,TRUE,182.08114
184.0968,C05589,M+H [1+],2.4000000024671e-05,Tyrosine metabolism,mfn1v10path202,160,Matched.Compound,Normetanephrine,0.000163775,-0.8,TRUE,184.0968
184.0968,C00788,M+H [1+],2.4000000024671e-05,Tyrosine metabolism,mfn1v10path202,160,Matched.Compound,Epinephrine,0.000163775,-0.8,TRUE,184.0968
192.06662,CE2176,M-H2O-H [1-],0.000553000000024895,Tyrosine metabolism,mfn1v10path202,160,Matched.Compound,CE2176,0.004070958,-0.74,FALSE,192.06662
194.04478,C04185,M+H [1+],4.00000001832268e-06,Tyrosine metabolism,mfn1v10path202,160,Matched.Compound,"5,6-Dihydroxyindole-2-carboxylic acid",0.788469556,-0.1,TRUE,194.04478
194.04478,CE5278,M+H [1+],1.99999999495049e-06,Tyrosine metabolism,mfn1v10path202,160,Matched.Compound,CE5278,0.788469556,-0.1,TRUE,194.04478
194.04478,C01693,M+H [1+],4.00000001832268e-06,Tyrosine metabolism,mfn1v10path202,160,Matched.Compound,L-Dopachrome,0.788469556,-0.1,TRUE,194.04478
196.09682,CE2173,M+H [1+],7.11200016212388e-07,Tyrosine metabolism,mfn1v10path202,160,Matched.Compound,CE2173,0.324171717,0.1,TRUE,196.09682
306.07649,C00051,M-H [1-],3.40000000278451e-05,Tyrosine metabolism,mfn1v10path202,160,Matched.Compound,Glutathione,3.87e-05,-1.43,FALSE,306.07649
346.05571,C00020,M-H [1-],0.000114000000053238,Tyrosine metabolism,mfn1v10path202,160,Matched.Compound,Adenosine monophosphate,1.28e-05,-1.39,FALSE,346.05571
399.14455,C00019,M+H [1+],7.39999999836982e-05,Tyrosine metabolism,mfn1v10path202,160,Matched.Compound,S-Adenosylmethionine,3e-05,-0.82,TRUE,399.14455
402.99482,C00015,M-H [1-],0.000104000000021642,Tyrosine metabolism,mfn1v10path202,160,Matched.Compound,Uridine 5'-diphosphate,0.000392552,-1.05,FALSE,402.99482
426.02206,C00054,M-H [1-],6.40000000089458e-05,Tyrosine metabolism,mfn1v10path202,160,Matched.Compound,"Adenosine 3',5'-diphosphate",0.000785849,-1.11,FALSE,426.02206
579.02681,C00167,M-H [1-],0.000214000000028136,Tyrosine metabolism,mfn1v10path202,160,Matched.Compound,Uridine diphosphate glucuronic acid,6.6e-05,-1.75,FALSE,579.02681
613.15941,C00127,M+H [1+],0.000133999999889056,Tyrosine metabolism,mfn1v10path202,160,Matched.Compound,Oxidized glutathione,5.47e-05,-1.8,TRUE,613.15941
613.15942,C00127,M+H [1+],0.000143999999863809,Tyrosine metabolism,mfn1v10path202,160,Matched.Compound,Oxidized glutathione,0.01612591,-0.75,TRUE,613.15942
766.1079,C00010,M-H [1-],2.39999999394058e-05,Tyrosine metabolism,mfn1v10path202,160,Matched.Compound,Coenzyme A,0.003192,-1.2,FALSE,766.1079
87.00877,C00022,M-H [1-],4.5999999997548e-05,Tyrosine metabolism,mfn1v10path202,160,Matched.Compound,Pyruvic acid,0.000431622,-1.44,FALSE,87.00877
90.05493,C00041,M+H [1+],4.60000000117589e-05,Tyrosine metabolism,mfn1v10path202,160,Matched.Compound,L-Alanine,0.00111173,-0.63,TRUE,90.05493
90.05495,C00041,M+H [1+],2.60000000054106e-05,Tyrosine metabolism,mfn1v10path202,160,Matched.Compound,L-Alanine,1.18e-07,-1.06,TRUE,90.05495
346.05571,C00020,M-H [1-],0.000114000000053238,Ubiquinone Biosynthesis,mfn1v10path203,10,Matched.Compound,Adenosine monophosphate,1.28e-05,-1.39,FALSE,346.05571
399.14455,C00019,M+H [1+],7.39999999836982e-05,Ubiquinone Biosynthesis,mfn1v10path203,10,Matched.Compound,S-Adenosylmethionine,3e-05,-0.82,TRUE,399.14455
766.1079,C00010,M-H [1-],2.39999999394058e-05,Ubiquinone Biosynthesis,mfn1v10path203,10,Matched.Compound,Coenzyme A,0.003192,-1.2,FALSE,766.1079
808.11823,C00024,M-H [1-],0.000293999999939842,Ubiquinone Biosynthesis,mfn1v10path203,10,Matched.Compound,Acetyl-CoA,0.001821828,-0.79,FALSE,808.11823
104.07061,C00334,M+H [1+],3.39999999994234e-05,Urea cycle/amino group metabolism,mfn1v10path204,85,Matched.Compound,gamma-Aminobutyric acid,0.001126831,-0.29,TRUE,104.07061
114.06617,C00791,M+H [1+],5.99999999906231e-06,Urea cycle/amino group metabolism,mfn1v10path204,85,Matched.Compound,Creatinine,0.011412968,-0.67,TRUE,114.06617
114.06617,C00300,M-H2O+H [1+],6.46677000304408e-06,Urea cycle/amino group metabolism,mfn1v10path204,85,Matched.Compound,Creatine,0.011412968,-0.67,TRUE,114.06617
116.07059,C00148,M+H [1+],1.39999999930751e-05,Urea cycle/amino group metabolism,mfn1v10path204,85,Matched.Compound,Proline,0.000192438,-0.67,TRUE,116.07059
128.0706,C02946,M-H2O+H [1+],2.35332300064783e-05,Urea cycle/amino group metabolism,mfn1v10path204,85,Matched.Compound,4-Acetamidobutanoic acid,0.010645162,-0.71,TRUE,128.0706
128.07061,C02946,M-H2O+H [1+],3.35332299812308e-05,Urea cycle/amino group metabolism,mfn1v10path204,85,Matched.Compound,4-Acetamidobutanoic acid,0.591044686,0.16,TRUE,128.07061
130.05097,C01165,M-H [1-],4.5999999997548e-05,Urea cycle/amino group metabolism,mfn1v10path204,85,Matched.Compound,L-Glutamic gamma-semialdehyde,0.638338765,-0.13,FALSE,130.05097
130.05098,C01165,M-H [1-],5.60000000007221e-05,Urea cycle/amino group metabolism,mfn1v10path204,85,Matched.Compound,L-Glutamic gamma-semialdehyde,0.172958473,0.22,FALSE,130.05098
132.03023,C00049,M-H [1-],5.99999998485146e-06,Urea cycle/amino group metabolism,mfn1v10path204,85,Matched.Compound,L-Aspartic acid,4.41e-07,2.78,FALSE,132.03023
132.06552,C01165,M+H [1+],4.40000000025975e-05,Urea cycle/amino group metabolism,mfn1v10path204,85,Matched.Compound,L-Glutamic gamma-semialdehyde,0.974431175,0.13,TRUE,132.06552
132.07675,C00300,M+H [1+],2.59999999911997e-05,Urea cycle/amino group metabolism,mfn1v10path204,85,Matched.Compound,Creatine,5.05e-05,-0.96,TRUE,132.07675
145.01429,C00026,M-H [1-],6.59999999754746e-05,Urea cycle/amino group metabolism,mfn1v10path204,85,Matched.Compound,Oxoglutaric acid,1.02e-06,-1.31,FALSE,145.01429
146.04588,C00025,M-H [1-],4.40000000025975e-05,Urea cycle/amino group metabolism,mfn1v10path204,85,Matched.Compound,Glutamic acid,0.000116605,1.04,FALSE,146.04588
146.08119,C02946,M+H [1+],1.39999999930751e-05,Urea cycle/amino group metabolism,mfn1v10path204,85,Matched.Compound,4-Acetamidobutanoic acid,0.000364995,-1.29,TRUE,146.08119
148.06045,C00025,M+H [1+],2.59999999911997e-05,Urea cycle/amino group metabolism,mfn1v10path204,85,Matched.Compound,Glutamic acid,0.001100992,-0.39,TRUE,148.06045
170.08117,C00547,M+H [1+],6.00000001327317e-06,Urea cycle/amino group metabolism,mfn1v10path204,85,Matched.Compound,Norepinephrine,0.021088126,-0.82,TRUE,170.08117
175.1077,C00437,M+H [1+],2.39999999962492e-05,Urea cycle/amino group metabolism,mfn1v10path204,85,Matched.Compound,N2-Acetylornithine,0.0377417,-0.65,TRUE,175.1077
175.11894,C00062,M+H [1+],3.59999999943739e-05,Urea cycle/amino group metabolism,mfn1v10path204,85,Matched.Compound,L-Arginine,0.004878018,-1.01,TRUE,175.11894
178.05096,C01586,M-H [1-],3.59999999943739e-05,Urea cycle/amino group metabolism,mfn1v10path204,85,Matched.Compound,Hippuric acid,0.001560031,-0.55,FALSE,178.05096
178.05097,C01586,M-H [1-],4.5999999997548e-05,Urea cycle/amino group metabolism,mfn1v10path204,85,Matched.Compound,Hippuric acid,0.02849437,-1.05,FALSE,178.05097
184.0968,C00788,M+H [1+],2.4000000024671e-05,Urea cycle/amino group metabolism,mfn1v10path204,85,Matched.Compound,Epinephrine,0.000163775,-0.8,TRUE,184.0968
188.05644,C00624,M-H [1-],1.59999999880256e-05,Urea cycle/amino group metabolism,mfn1v10path204,85,Matched.Compound,N-Acetyl-L-glutamic acid,0.024668127,-0.4,FALSE,188.05644
289.11539,C03406,M-H [1-],6.60000000038963e-05,Urea cycle/amino group metabolism,mfn1v10path204,85,Matched.Compound,Argininosuccinic acid,0.993377048,-0.04,FALSE,289.11539
291.12996,C03406,M+H [1+],8.40000000152941e-05,Urea cycle/amino group metabolism,mfn1v10path204,85,Matched.Compound,Argininosuccinic acid,0.000176443,-0.99,TRUE,291.12996
298.09686,C00170,M+H [1+],1.60000000164473e-05,Urea cycle/amino group metabolism,mfn1v10path204,85,Matched.Compound,5'-Methylthioadenosine,0.000187727,-0.52,TRUE,298.09686
399.14455,C00019,M+H [1+],7.39999999836982e-05,Urea cycle/amino group metabolism,mfn1v10path204,85,Matched.Compound,S-Adenosylmethionine,3e-05,-0.82,TRUE,399.14455
76.03932,C00037,M+H [1+],4.40000000025975e-05,Urea cycle/amino group metabolism,mfn1v10path204,85,Matched.Compound,Glycine,0.326905645,-0.13,TRUE,76.03932
766.1079,C00010,M-H [1-],2.39999999394058e-05,Urea cycle/amino group metabolism,mfn1v10path204,85,Matched.Compound,Coenzyme A,0.003192,-1.2,FALSE,766.1079
784.1499,C00016,M-H [1-],7.60000000354921e-05,Urea cycle/amino group metabolism,mfn1v10path204,85,Matched.Compound,FAD,0.0003438,-1.11,FALSE,784.1499
808.11823,C00024,M-H [1-],0.000293999999939842,Urea cycle/amino group metabolism,mfn1v10path204,85,Matched.Compound,Acetyl-CoA,0.001821828,-0.79,FALSE,808.11823
86.06002,C00334,M-H2O+H [1+],4.35332299986158e-05,Urea cycle/amino group metabolism,mfn1v10path204,85,Matched.Compound,gamma-Aminobutyric acid,0.009943585,-0.68,TRUE,86.06002
90.05493,C00213,M+H [1+],4.60000000117589e-05,Urea cycle/amino group metabolism,mfn1v10path204,85,Matched.Compound,Sarcosine,0.00111173,-0.63,TRUE,90.05493
90.05495,C00213,M+H [1+],2.60000000054106e-05,Urea cycle/amino group metabolism,mfn1v10path204,85,Matched.Compound,Sarcosine,1.18e-07,-1.06,TRUE,90.05495
104.07061,C03284,M+H [1+],3.39999999994234e-05,"Valine, leucine and isoleucine degradation",mfn1v10path205,65,Matched.Compound,(S)-beta-Aminoisobutyric acid,0.001126831,-0.29,TRUE,104.07061
129.05574,C00671,M-H [1-],1.59999999880256e-05,"Valine, leucine and isoleucine degradation",mfn1v10path205,65,Matched.Compound,3-Methyl-2-oxovaleric acid,0.005280439,-0.57,FALSE,129.05574
129.05574,C00233,M-H [1-],1.59999999880256e-05,"Valine, leucine and isoleucine degradation",mfn1v10path205,65,Matched.Compound,Ketoleucine,0.005280439,-0.57,FALSE,129.05574
129.05574,C03465,M-H [1-],1.59999999880256e-05,"Valine, leucine and isoleucine degradation",mfn1v10path205,65,Matched.Compound,C03465,0.005280439,-0.57,FALSE,129.05574
132.10191,C00123,M+H [1+],3.39999999994234e-05,"Valine, leucine and isoleucine degradation",mfn1v10path205,65,Matched.Compound,Leucine,0.036112675,-0.43,TRUE,132.10191
132.10191,C00407,M+H [1+],3.39999999994234e-05,"Valine, leucine and isoleucine degradation",mfn1v10path205,65,Matched.Compound,Isoleucine,0.036112675,-0.43,TRUE,132.10191
145.01429,C00026,M-H [1-],6.59999999754746e-05,"Valine, leucine and isoleucine degradation",mfn1v10path205,65,Matched.Compound,Oxoglutaric acid,1.02e-06,-1.31,FALSE,145.01429
146.04588,C00025,M-H [1-],4.40000000025975e-05,"Valine, leucine and isoleucine degradation",mfn1v10path205,65,Matched.Compound,Glutamic acid,0.000116605,1.04,FALSE,146.04588
148.06045,C00025,M+H [1+],2.59999999911997e-05,"Valine, leucine and isoleucine degradation",mfn1v10path205,65,Matched.Compound,Glutamic acid,0.001100992,-0.39,TRUE,148.06045
346.05571,C00020,M-H [1-],0.000114000000053238,"Valine, leucine and isoleucine degradation",mfn1v10path205,65,Matched.Compound,Adenosine monophosphate,1.28e-05,-1.39,FALSE,346.05571
766.1079,C00010,M-H [1-],2.39999999394058e-05,"Valine, leucine and isoleucine degradation",mfn1v10path205,65,Matched.Compound,Coenzyme A,0.003192,-1.2,FALSE,766.1079
784.1499,C00016,M-H [1-],7.60000000354921e-05,"Valine, leucine and isoleucine degradation",mfn1v10path205,65,Matched.Compound,FAD,0.0003438,-1.11,FALSE,784.1499
808.11823,C00024,M-H [1-],0.000293999999939842,"Valine, leucine and isoleucine degradation",mfn1v10path205,65,Matched.Compound,Acetyl-CoA,0.001821828,-0.79,FALSE,808.11823
836.14989,C00630,M-H [1-],6.60000000607397e-05,"Valine, leucine and isoleucine degradation",mfn1v10path205,65,Matched.Compound,Isobutyryl-CoA,0.006668008,-0.7,FALSE,836.14989
852.18035,C15980,M+H [1+],0.000373999999965235,"Valine, leucine and isoleucine degradation",mfn1v10path205,65,Matched.Compound,C15980,0.004861514,-1.82,TRUE,852.18035
852.18035,C02939,M+H [1+],0.000373999999965235,"Valine, leucine and isoleucine degradation",mfn1v10path205,65,Matched.Compound,Isovaleryl-CoA,0.004861514,-1.82,TRUE,852.18035
852.18035,C01033,M+H [1+],0.000373999999965235,"Valine, leucine and isoleucine degradation",mfn1v10path205,65,Matched.Compound,2-Methylbutyryl-CoA,0.004861514,-1.82,TRUE,852.18035
86.06002,C03284,M-H2O+H [1+],4.35332299986158e-05,"Valine, leucine and isoleucine degradation",mfn1v10path205,65,Matched.Compound,(S)-beta-Aminoisobutyric acid,0.009943585,-0.68,TRUE,86.06002
346.05571,C00020,M-H [1-],0.000114000000053238,Vitamin A (retinol) metabolism,mfn1v10path206,67,Matched.Compound,Adenosine monophosphate,1.28e-05,-1.39,FALSE,346.05571
402.99482,C00015,M-H [1-],0.000104000000021642,Vitamin A (retinol) metabolism,mfn1v10path206,67,Matched.Compound,Uridine 5'-diphosphate,0.000392552,-1.05,FALSE,402.99482
579.02681,C00167,M-H [1-],0.000214000000028136,Vitamin A (retinol) metabolism,mfn1v10path206,67,Matched.Compound,Uridine diphosphate glucuronic acid,6.6e-05,-1.75,FALSE,579.02681
766.1079,C00010,M-H [1-],2.39999999394058e-05,Vitamin A (retinol) metabolism,mfn1v10path206,67,Matched.Compound,Coenzyme A,0.003192,-1.2,FALSE,766.1079
145.01429,C00026,M-H [1-],6.59999999754746e-05,Vitamin B1 (thiamin) metabolism,mfn1v10path207,20,Matched.Compound,Oxoglutaric acid,1.02e-06,-1.31,FALSE,145.01429
346.05571,C00020,M-H [1-],0.000114000000053238,Vitamin B1 (thiamin) metabolism,mfn1v10path207,20,Matched.Compound,Adenosine monophosphate,1.28e-05,-1.39,FALSE,346.05571
766.1079,C00010,M-H [1-],2.39999999394058e-05,Vitamin B1 (thiamin) metabolism,mfn1v10path207,20,Matched.Compound,Coenzyme A,0.003192,-1.2,FALSE,766.1079
808.11823,C00024,M-H [1-],0.000293999999939842,Vitamin B1 (thiamin) metabolism,mfn1v10path207,20,Matched.Compound,Acetyl-CoA,0.001821828,-0.79,FALSE,808.11823
87.00877,C00022,M-H [1-],4.5999999997548e-05,Vitamin B1 (thiamin) metabolism,mfn1v10path207,20,Matched.Compound,Pyruvic acid,0.000431622,-1.44,FALSE,87.00877
399.14455,C00019,M+H [1+],7.39999999836982e-05,Vitamin B12 (cyanocobalamin) metabolism,mfn1v10path208,9,Matched.Compound,S-Adenosylmethionine,3e-05,-0.82,TRUE,399.14455
346.05571,C00020,M-H [1-],0.000114000000053238,Vitamin B2 (riboflavin) metabolism,mfn1v10path209,8,Matched.Compound,Adenosine monophosphate,1.28e-05,-1.39,FALSE,346.05571
359.13504,C00255,M-H2O+H [1+],6.35332299907532e-05,Vitamin B2 (riboflavin) metabolism,mfn1v10path209,8,Matched.Compound,Riboflavin,0.002129868,-0.95,TRUE,359.13504
375.13114,C00255,M-H [1-],0.000115999999991345,Vitamin B2 (riboflavin) metabolism,mfn1v10path209,8,Matched.Compound,Riboflavin,0.056010654,-0.1,FALSE,375.13114
784.1499,C00016,M-H [1-],7.60000000354921e-05,Vitamin B2 (riboflavin) metabolism,mfn1v10path209,8,Matched.Compound,FAD,0.0003438,-1.11,FALSE,784.1499
123.05529,C00153,M+H [1+],1.39999999930751e-05,Vitamin B3 (nicotinate and nicotinamide) metabolism,mfn1v10path210,28,Matched.Compound,Niacinamide,0.004502956,-1.1,TRUE,123.05529
132.03023,C00049,M-H [1-],5.99999998485146e-06,Vitamin B3 (nicotinate and nicotinamide) metabolism,mfn1v10path210,28,Matched.Compound,L-Aspartic acid,4.41e-07,2.78,FALSE,132.03023
146.04588,C00025,M-H [1-],4.40000000025975e-05,Vitamin B3 (nicotinate and nicotinamide) metabolism,mfn1v10path210,28,Matched.Compound,Glutamic acid,0.000116605,1.04,FALSE,146.04588
147.07642,C00064,M+H [1+],4.40000000310192e-05,Vitamin B3 (nicotinate and nicotinamide) metabolism,mfn1v10path210,28,Matched.Compound,Glutamine,0.854322998,0.14,TRUE,147.07642
148.06045,C00025,M+H [1+],2.59999999911997e-05,Vitamin B3 (nicotinate and nicotinamide) metabolism,mfn1v10path210,28,Matched.Compound,Glutamic acid,0.001100992,-0.39,TRUE,148.06045
175.11894,C00062,M+H [1+],3.59999999943739e-05,Vitamin B3 (nicotinate and nicotinamide) metabolism,mfn1v10path210,28,Matched.Compound,L-Arginine,0.004878018,-1.01,TRUE,175.11894
229.01187,C00442,M-H [1-],4.00000001832268e-06,Vitamin B3 (nicotinate and nicotinamide) metabolism,mfn1v10path210,28,Matched.Compound,C00442,0.003007689,-1.04,FALSE,229.01187
346.05571,C00020,M-H [1-],0.000114000000053238,Vitamin B3 (nicotinate and nicotinamide) metabolism,mfn1v10path210,28,Matched.Compound,Adenosine monophosphate,1.28e-05,-1.39,FALSE,346.05571
399.14455,C00019,M+H [1+],7.39999999836982e-05,Vitamin B3 (nicotinate and nicotinamide) metabolism,mfn1v10path210,28,Matched.Compound,S-Adenosylmethionine,3e-05,-0.82,TRUE,399.14455
558.06425,C00301,M-H [1-],0.000173999999901753,Vitamin B3 (nicotinate and nicotinamide) metabolism,mfn1v10path210,28,Matched.Compound,Adenosine diphosphate ribose,0.000225197,-0.77,FALSE,558.06425
560.07915,C00301,M+H [1+],0.00017400000001544,Vitamin B3 (nicotinate and nicotinamide) metabolism,mfn1v10path210,28,Matched.Compound,Adenosine diphosphate ribose,2.83e-06,-1.73,TRUE,560.07915
218.1034,C00864,M-H [1-],2.4000000024671e-05,Vitamin B5 - CoA biosynthesis from pantothenate,mfn1v10path211,12,Matched.Compound,Pantothenic acid,2.81e-05,-0.99,FALSE,218.1034
346.05571,C00020,M-H [1-],0.000114000000053238,Vitamin B5 - CoA biosynthesis from pantothenate,mfn1v10path211,12,Matched.Compound,Adenosine monophosphate,1.28e-05,-1.39,FALSE,346.05571
402.01086,C00112,M-H [1-],6.40000000089458e-05,Vitamin B5 - CoA biosynthesis from pantothenate,mfn1v10path211,12,Matched.Compound,CDP,0.002594529,-0.75,FALSE,402.01086
481.97723,C00063,M-H [1-],5.99999998485146e-06,Vitamin B5 - CoA biosynthesis from pantothenate,mfn1v10path211,12,Matched.Compound,Cytidine triphosphate,0.003579543,-0.5,FALSE,481.97723
766.1079,C00010,M-H [1-],2.39999999394058e-05,Vitamin B5 - CoA biosynthesis from pantothenate,mfn1v10path211,12,Matched.Compound,Coenzyme A,0.003192,-1.2,FALSE,766.1079
166.04983,C00847,M-H2O+H [1+],4.64667700157406e-05,Vitamin B6 (pyridoxine) metabolism,mfn1v10path212,11,Matched.Compound,4-Pyridoxic acid,0.207548018,0.2,TRUE,166.04983
168.06551,C00250,M+H [1+],3.39999999994234e-05,Vitamin B6 (pyridoxine) metabolism,mfn1v10path212,11,Matched.Compound,Pyridoxal,0.000748754,-0.82,TRUE,168.06551
170.08117,C00314,M+H [1+],6.00000001327317e-06,Vitamin B6 (pyridoxine) metabolism,mfn1v10path212,11,Matched.Compound,Pyridoxine,0.021088126,-0.82,TRUE,170.08117
104.03532,C00065,M-H [1-],3.99999998990097e-06,Vitamin B9 (folate) metabolism,mfn1v10path213,33,Matched.Compound,Serine,0.497848408,0.16,FALSE,104.03532
146.04588,C00025,M-H [1-],4.40000000025975e-05,Vitamin B9 (folate) metabolism,mfn1v10path213,33,Matched.Compound,Glutamic acid,0.000116605,1.04,FALSE,146.04588
148.06045,C00025,M+H [1+],2.59999999911997e-05,Vitamin B9 (folate) metabolism,mfn1v10path213,33,Matched.Compound,Glutamic acid,0.001100992,-0.39,TRUE,148.06045
174.04079,C01045,M-H [1-],3.40000000278451e-05,Vitamin B9 (folate) metabolism,mfn1v10path213,33,Matched.Compound,N-Formyl-L-glutamic acid,8.76e-06,-1.18,FALSE,174.04079
295.09357,C00921,M-H2O-H [1-],0.000740000000007512,Vitamin B9 (folate) metabolism,mfn1v10path213,33,Matched.Compound,"7,8-Dihydropteroic acid",0.282411848,-0.81,FALSE,295.09357
313.04425,C04376,M-H [1-],2.59999999911997e-05,Vitamin B9 (folate) metabolism,mfn1v10path213,33,Matched.Compound,5'-Phosphoribosyl-N-formylglycinamide,0.970970653,0.09,FALSE,313.04425
440.13236,C00504,M-H [1-],6.40000000089458e-05,Vitamin B9 (folate) metabolism,mfn1v10path213,33,Matched.Compound,Folic acid,0.027069725,-1.11,FALSE,440.13236
76.03932,C00037,M+H [1+],4.40000000025975e-05,Vitamin B9 (folate) metabolism,mfn1v10path213,33,Matched.Compound,Glycine,0.326905645,-0.13,TRUE,76.03932
784.1499,C00016,M-H [1-],7.60000000354921e-05,Vitamin B9 (folate) metabolism,mfn1v10path213,33,Matched.Compound,FAD,0.0003438,-1.11,FALSE,784.1499
401.34161,C01561,M+H [1+],0.000234000000034484,Vitamin D3 (cholecalciferol) metabolism,mfn1v10path215,16,Matched.Compound,Calcidiol,0.009894169,0.77,TRUE,401.34161
346.05571,C00020,M-H [1-],0.000114000000053238,Vitamin E metabolism,mfn1v10path216,54,Matched.Compound,Adenosine monophosphate,1.28e-05,-1.39,FALSE,346.05571
445.36875,CE5022,M-H [1-],1.89999999520296e-05,Vitamin E metabolism,mfn1v10path216,54,Matched.Compound,CE5022,0.000743525,1.54,FALSE,445.36875
445.36875,CE5835,M-H [1-],1.89999999520296e-05,Vitamin E metabolism,mfn1v10path216,54,Matched.Compound,CE5835,0.000743525,1.54,FALSE,445.36875
445.36875,CE5842,M-H [1-],1.89999999520296e-05,Vitamin E metabolism,mfn1v10path216,54,Matched.Compound,CE5842,0.000743525,1.54,FALSE,445.36875
766.1079,C00010,M-H [1-],2.39999999394058e-05,Vitamin E metabolism,mfn1v10path216,54,Matched.Compound,Coenzyme A,0.003192,-1.2,FALSE,766.1079
808.11823,C00024,M-H [1-],0.000293999999939842,Vitamin E metabolism,mfn1v10path216,54,Matched.Compound,Acetyl-CoA,0.001821828,-0.79,FALSE,808.11823
243.0809,C00120,M-H [1-],2.39999999962492e-05,Vitamin H (biotin) metabolism,mfn1v10path217,5,Matched.Compound,Biotin,7.84e-05,-1.19,FALSE,243.0809
346.05571,C00020,M-H [1-],0.000114000000053238,Vitamin H (biotin) metabolism,mfn1v10path217,5,Matched.Compound,Adenosine monophosphate,1.28e-05,-1.39,FALSE,346.05571
199.17035,C02679,M-H [1-],2.59999999911997e-05,Xenobiotics metabolism,mfn1v10path219,110,Matched.Compound,Dodecanoic acid,0.552884979,0.17,FALSE,199.17035
227.20165,C06424,M-H [1-],2.59999999911997e-05,Xenobiotics metabolism,mfn1v10path219,110,Matched.Compound,Myristic acid,0.08003377,-3.48,FALSE,227.20165
255.23295,C00249,M-H [1-],2.5999999962778e-05,Xenobiotics metabolism,mfn1v10path219,110,Matched.Compound,Palmitic acid,0.17605372,1.17,FALSE,255.23295
306.07649,C00051,M-H [1-],3.40000000278451e-05,Xenobiotics metabolism,mfn1v10path219,110,Matched.Compound,Glutathione,3.87e-05,-1.43,FALSE,306.07649
348.087,C14871,M-H [1-],0.000124000000027991,Xenobiotics metabolism,mfn1v10path219,110,Matched.Compound,S-(Formylmethyl)glutathione,0.000938249,-1.2,FALSE,348.087
364.08196,C14862,M-H [1-],6.40000000089458e-05,Xenobiotics metabolism,mfn1v10path219,110,Matched.Compound,2-S-glutathionyl acetate,0.006157527,2.57,FALSE,364.08196
402.99482,C00015,M-H [1-],0.000104000000021642,Xenobiotics metabolism,mfn1v10path219,110,Matched.Compound,Uridine 5'-diphosphate,0.000392552,-1.05,FALSE,402.99482
426.02206,C00054,M-H [1-],6.40000000089458e-05,Xenobiotics metabolism,mfn1v10path219,110,Matched.Compound,"Adenosine 3',5'-diphosphate",0.000785849,-1.11,FALSE,426.02206
579.02681,C00167,M-H [1-],0.000214000000028136,Xenobiotics metabolism,mfn1v10path219,110,Matched.Compound,Uridine diphosphate glucuronic acid,6.6e-05,-1.75,FALSE,579.02681
78.91887,C13645,M-H [1-],5.39999999915608e-05,Xenobiotics metabolism,mfn1v10path219,110,Matched.Compound,C13645,0.000912279,-0.75,FALSE,78.91887
